SECUCODE,REPORT_DATE,SECURITY_NAME_ABBR,REPORT_TYPE,UPDATE_DATE,CURRENCY,ACCOUNTS_PAYABLE,ACCOUNTS_RECE,ADVANCE_RECEIVABLES,BOND_PAYABLE,CAPITAL_RESERVE,CIP,CONTRACT_ASSET,CONTRACT_LIAB,DEFER_TAX_ASSET,DEFER_TAX_LIAB,DERIVE_FINASSET,DERIVE_FINLIAB,DIVIDEND_PAYABLE,DIVIDEND_RECE,FIXED_ASSET,GOODWILL,HOLDSALE_ASSET,INTANGIBLE_ASSET,INTEREST_RECE,INVENTORY,INVEST_REALESTATE,LEASE_LIAB,LONG_EQUITY_INVEST,LONG_LOAN,LONG_PREPAID_EXPENSE,MINORITY_EQUITY,MONETARYFUNDS,NONCURRENT_LIAB_1YEAR,NOTE_ACCOUNTS_PAYABLE,NOTE_ACCOUNTS_RECE,NOTE_PAYABLE,NOTE_RECE,OTHER_COMPRE_INCOME,OTHER_CURRENT_ASSET,OTHER_CURRENT_LIAB,OTHER_EQUITY_INVEST,OTHER_NONCURRENT_ASSET,OTHER_NONCURRENT_FINASSET,OTHER_NONCURRENT_LIAB,PREDICT_LIAB,PREPAYMENT,SHARE_CAPITAL,SHORT_LOAN,STAFF_SALARY_PAYABLE,SURPLUS_RESERVE,TAX_PAYABLE,TOTAL_ASSETS,TOTAL_CURRENT_ASSETS,TOTAL_CURRENT_LIAB,TOTAL_EQUITY,TOTAL_LIAB_EQUITY,TOTAL_LIABILITIES,TOTAL_NONCURRENT_ASSETS,TOTAL_NONCURRENT_LIAB,TOTAL_OTHER_PAYABLE,TOTAL_OTHER_RECE,TOTAL_PARENT_EQUITY,TRADE_FINASSET_NOTFVTPL,UNASSIGN_RPOFIT,USERIGHT_ASSET
SZ000002,1995-12-31,万科A,年报,1996-04-25,CNY,168396148.52,361859358.77,180455926.96,NULL,600245367.53,NULL,NULL,NULL,NULL,NULL,NULL,NULL,70288456.52,NULL,NULL,NULL,NULL,27702130.26,NULL,1222124277.41,NULL,NULL,NULL,53442568.8,NULL,182764159.08,504524626.71,30085334.32,168396148.52,361859358.77,NULL,NULL,NULL,NULL,NULL,NULL,NULL,NULL,NULL,NULL,91194421.75,288225136.4,647114732.59,17126676.21,287363422.04,120225788.6,3234377489.99,2536897801.26,1746428636.51,1362256804.88,3234377489.99,1872120685.11,697479688.73,125692048.6,394889681.25,NULL,1179492645.8,NULL,4313657.33,NULL
SZ000002,1996-06-30,万科A,中报,1996-08-28,CNY,NULL,NULL,NULL,NULL,600076767.17,NULL,NULL,NULL,NULL,NULL,NULL,NULL,NULL,NULL,NULL,NULL,NULL,NULL,NULL,NULL,NULL,NULL,NULL,NULL,NULL,184236648.22,NULL,NULL,NULL,NULL,NULL,NULL,NULL,NULL,NULL,NULL,NULL,NULL,NULL,NULL,NULL,288225136.4,NULL,NULL,291586185.93,NULL,3218677625.2,2535014777.08,1663855501.47,1421385679.43,3218677625.2,1797291945.77,683662848.12,133436444.3,NULL,NULL,1237149031.21,NULL,57914698.6,NULL
SZ000002,1996-12-31,万科A,年报,1997-04-10,CNY,236622366.9,NULL,183392854.01,NULL,600260367.53,NULL,NULL,NULL,NULL,NULL,NULL,NULL,31704764.94,NULL,NULL,NULL,NULL,23609139.42,NULL,1361356458.61,NULL,NULL,NULL,10388138.83,NULL,171890891.32,597858560.26,40500000,236622366.9,NULL,NULL,NULL,NULL,NULL,NULL,NULL,NULL,NULL,NULL,NULL,91284120.58,317047649.4,827856393.59,19542983.17,325498440.32,109783323.13,3466124320.3,2825327516.62,1942609692.22,1505126489.25,3466124320.3,1960997831.05,640796803.68,18388138.83,441247952.94,NULL,1333235597.93,NULL,92339545.54,NULL
SZ000002,1997-06-30,万科A,中报,1997-08-15,CNY,NULL,NULL,NULL,NULL,600260367.53,NULL,NULL,NULL,NULL,NULL,NULL,NULL,NULL,NULL,NULL,NULL,NULL,NULL,NULL,NULL,NULL,NULL,NULL,NULL,NULL,177923402.36,NULL,NULL,NULL,NULL,NULL,NULL,NULL,NULL,NULL,NULL,NULL,NULL,NULL,NULL,NULL,364604796.4,NULL,NULL,325498440.32,NULL,3621213636.08,2956119755.6,2038118770.75,1576865991.77,3621213636.08,2044347644.31,665093880.48,6228873.56,NULL,NULL,1398942589.41,NULL,110459300.1,NULL
SZ000002,1997-12-31,万科A,年报,1998-04-08,CNY,231735637.91,NULL,312131745.79,NULL,895462178.09,NULL,NULL,NULL,NULL,NULL,NULL,NULL,67628613.51,NULL,NULL,NULL,NULL,5698482.54,NULL,1713988281.59,NULL,NULL,NULL,5970079.65,NULL,152927242.2,711664824.74,NULL,231735637.91,NULL,NULL,NULL,NULL,NULL,NULL,NULL,NULL,NULL,NULL,NULL,87664294.17,450857423.4,548372959.11,20669706.4,402641520.32,95782903.04,3959626453,3326961512.98,1966079019.41,1987577353.94,3959626453,1972049099.06,632664940.02,5970079.65,502922405.28,NULL,1834650111.74,NULL,87134700.05,NULL
SZ000002,1998-06-30,万科A,中报,1998-08-14,CNY,295715947.05,274352510.04,308266556.32,NULL,895462178.09,NULL,NULL,NULL,NULL,NULL,NULL,NULL,67631841.08,NULL,NULL,NULL,NULL,NULL,NULL,2043032759.72,NULL,NULL,273651655.03,NULL,43183921.06,112362164.85,683387777.7,NULL,295715947.05,274352510.04,NULL,NULL,NULL,NULL,NULL,NULL,NULL,NULL,NULL,NULL,67828444.19,450857423.4,573796156,17470237.14,402641520.32,89880395.4,3953891568.68,3406784510.1,1925272875.88,2031017133.62,3953891568.68,1922874435.06,547107058.58,-2398440.82,358135646.04,NULL,1918654968.77,NULL,169709364.79,NULL
SZ000002,1998-12-31,万科A,年报,2000-03-30,CNY,371017252.96,247957917.5,222038344.95,NULL,895462178.09,NULL,NULL,NULL,NULL,NULL,NULL,NULL,49720056.34,NULL,NULL,NULL,NULL,NULL,NULL,2349936093.6,NULL,NULL,225038700.25,20000000,72193300.44,114292845.86,576515552.09,NULL,371017252.96,247957917.5,NULL,NULL,NULL,NULL,NULL,NULL,NULL,NULL,NULL,NULL,40944508.24,495943165.4,618723114,22060040.9,503687981.06,82682292.53,4008869718.53,3494241363.1,1916148966.22,2072746241.14,4008869718.53,1936123477.39,514628355.43,19974511.17,390253030.48,NULL,1958453395.28,NULL,64393322.21,NULL
SZ000002,1999-06-30,万科A,中报,1999-08-18,CNY,289945913.23,NULL,263874248.82,NULL,895462178.09,NULL,NULL,NULL,NULL,NULL,NULL,NULL,49720056.34,NULL,NULL,NULL,NULL,NULL,NULL,2658693058.11,NULL,NULL,220391759.47,75000000,74796900.26,80462137.88,468010960.13,NULL,289945913.23,NULL,NULL,NULL,NULL,NULL,NULL,NULL,NULL,NULL,NULL,NULL,63783118.04,495943165.4,815007932,23433008.04,503687981.06,63388244.63,4341585969.05,3832600424.16,2111073814.45,2153407081.97,4341585969.05,2188178887.08,508985544.89,77105072.63,393195032.83,NULL,2072944944.09,NULL,178860342.71,NULL
SZ000002,1999-12-31,万科A,年报,2001-03-20,CNY,526054494.54,NULL,222858263.28,NULL,895462178.09,NULL,NULL,NULL,NULL,NULL,NULL,NULL,94645791.15,1209600,NULL,NULL,NULL,NULL,NULL,2541901743.74,NULL,NULL,202266621.42,55000000,92014617.95,53280451.87,772831829.15,NULL,526054494.54,NULL,NULL,NULL,NULL,11909232.68,NULL,NULL,NULL,NULL,24807533.06,NULL,39848309.94,545537481,895234400,23957105.12,618259124.56,69374265.77,4494664465.95,3896929870.98,2265107903.99,2146310711.04,4494664465.95,2348353754.91,597734594.97,83245850.92,312728447.11,1209600,2093030259.17,NULL,34724359.41,NULL
SZ000002,2000-06-30,万科A,中报,2000-08-15,CNY,518274866.94,NULL,338972387.08,NULL,1435421964.36,NULL,NULL,NULL,NULL,NULL,NULL,NULL,94645791.15,NULL,NULL,NULL,NULL,NULL,NULL,2981956708.8,NULL,NULL,106026291.65,95000000,90261084.8,54813754.75,911966043.54,20000000,518274866.94,NULL,NULL,NULL,NULL,12057204.94,NULL,NULL,NULL,NULL,NULL,NULL,17904907.29,630971941,696000000,27091840.2,618259124.56,22099937.6,5045245492.17,4450481911.62,2059943998.12,2887901948.17,5045245492.17,2157343544,594763580.55,97399545.88,316170240.69,NULL,2833088193.42,NULL,149311013.8,NULL
SZ000002,2000-12-31,万科A,年报,2002-03-15,CNY,775411302.4,392350635.74,477297266.38,NULL,1435412604.36,NULL,NULL,NULL,NULL,NULL,NULL,NULL,113574949.38,NULL,357323977.11,NULL,NULL,NULL,NULL,3458877740.13,NULL,NULL,95767102.56,80000000,137949947.13,53216790.05,995745160.05,NULL,775411302.4,392350635.74,NULL,NULL,NULL,NULL,NULL,NULL,NULL,NULL,43895991.54,NULL,17764136.84,630971941,566000000,28781655.92,829121174.3,83244206.22,5583262107.86,4992221081.06,2532706262.71,2926659853.61,5583262107.86,2656602254.25,591041026.8,123895991.54,362792701.16,123936225.56,2873443063.56,NULL,-21236819.1,NULL
SZ000002,2001-06-30,万科A,中报,2001-08-14,CNY,576035134.83,449487772.11,247157218.36,NULL,1435412604.36,13460257.36,NULL,NULL,NULL,NULL,NULL,NULL,113574949.38,NULL,315340207.13,NULL,NULL,NULL,NULL,4057380813.64,NULL,NULL,84883894.71,191000000,131612269.61,59161181.02,763010058.78,NULL,576035134.83,449487772.11,NULL,NULL,NULL,NULL,NULL,NULL,NULL,NULL,35564103.89,NULL,105890124.51,630971941,986000000,31468430.68,829121174.3,39888067.66,6065500492.42,5520203863.61,2732800963.33,3106135425.2,6065500492.42,2959365067.22,545296628.81,226564103.89,315840333.32,130766315,3046974244.18,NULL,152299244.97,NULL
SZ000002,2001-12-31,万科A,年报,2003-03-18,CNY,489986266.81,355887200.87,179250980.77,NULL,1435412604.36,21622101.18,NULL,NULL,NULL,NULL,NULL,NULL,126194388.2,NULL,288311392.06,NULL,NULL,NULL,NULL,4708616789.08,NULL,NULL,82295701.74,261000000,26751152.38,1992329.96,805381417.19,NULL,489986266.81,355887200.87,NULL,NULL,NULL,NULL,NULL,NULL,NULL,NULL,50340947.36,37201011.95,70017428.2,630971941,1353000000,14770962.33,1053896585.83,99638654.43,6482911630.82,6063931283.46,3008287381.4,3126082290.11,6482911630.82,3356829340.71,418980347.36,348541959.31,310801784.77,121613174.63,3124089960.15,NULL,4617138,NULL
SZ000002,2002-03-31,万科A,一季报,2002-04-23,CNY,584331668.67,444673312.39,319994854.63,NULL,1435412604.36,33071185.11,NULL,NULL,NULL,NULL,NULL,NULL,126194388.2,NULL,274983964.03,NULL,NULL,NULL,NULL,4943459395.08,NULL,NULL,80304515.29,160000000,29516130.5,1991148.6,540421551.66,NULL,584331668.67,444673312.39,NULL,NULL,NULL,NULL,NULL,NULL,NULL,NULL,53865049.29,NULL,90023391.57,630971941,1501000000,15098225.74,1053896585.83,80792799,6598379522.74,6180503727.81,3227448959.97,3157065513.48,6598379522.74,3441314009.26,417875794.93,213865049.29,303859131.54,154773360.27,3155074364.88,NULL,35173130.96,NULL
SZ000002,2002-06-30,万科A,中报,2002-08-21,CNY,659058296.07,402890135.46,587862168.76,1500000000,1435412604.36,NULL,NULL,NULL,NULL,NULL,NULL,NULL,126194388.2,1135227.2,321405383.6,NULL,NULL,NULL,NULL,5387605145.25,NULL,NULL,78305843.43,160000000,32523190.12,NULL,1663890917.89,NULL,659058296.07,402890135.46,NULL,NULL,NULL,NULL,NULL,NULL,NULL,NULL,31524964.66,NULL,200716654,630971941,1118000000,16590386.76,1053896585.83,52811678.66,8223610699.93,7791376282.78,3265418991.48,3266666743.79,8223610699.93,4956943956.14,432234417.15,1691524964.66,297555082.71,130872033.16,3266666743.79,NULL,146774058.25,NULL
SZ000002,2002-09-30,万科A,三季报,2002-10-28,CNY,575143500.66,293611631.01,921372913.61,1506750000,1435412604.36,NULL,NULL,NULL,NULL,NULL,NULL,NULL,NULL,91872,316333940.65,NULL,NULL,NULL,NULL,5911263699.17,NULL,NULL,73007603.06,160000000,35796383.51,10574997.76,1166858479.7,NULL,575143500.66,293611631.01,NULL,NULL,NULL,NULL,NULL,NULL,NULL,NULL,33718277.83,NULL,261066317.23,630971941,760300000,18788418.8,1053896585.83,35148446.32,8205488780.08,7780350852.86,3182832977.6,3322187524.65,8205488780.08,4883301255.43,425137927.22,1700468277.83,232198742.79,140632090.97,3311612526.89,NULL,191696642.7,NULL
SZ000002,2002-12-31,万科A,年报,2004-03-09,CNY,1621948607.72,302297113.93,544317647.75,1512341727.75,1435442203.51,NULL,NULL,NULL,NULL,NULL,NULL,NULL,126194942.6,NULL,348658465.04,NULL,NULL,NULL,NULL,5976170097.26,NULL,NULL,NULL,160000000,63534450.19,45689831.6,1187405566.3,NULL,1631636207.72,302297113.93,9687600,NULL,NULL,NULL,NULL,NULL,NULL,NULL,36954931.28,24523671.9,128417736,630974713,460000000,18080509.61,1302470413.97,82720366.86,8215822308.3,7739098726.05,2929348159.86,3552653817.51,8215822308.3,4663168490.79,476723582.25,1733820330.93,187890030.39,139889751.5,3506963985.91,NULL,138464583.92,NULL
SZ000002,2003-03-31,万科A,一季报,2003-04-23,CNY,789485931.22,263150351.09,591916577.73,1517649848,1435726142.85,NULL,NULL,NULL,NULL,NULL,NULL,NULL,126200201.2,NULL,338484435.06,NULL,NULL,NULL,NULL,6591749781.25,NULL,NULL,NULL,160000000,64023836.34,44378191.63,678371033.27,NULL,799173531.22,263150351.09,9687600,NULL,NULL,NULL,NULL,NULL,NULL,NULL,39769701.23,17555295.87,151478549.17,631001006,520000000,16651570.43,1302470413.96,60867194.71,8319567285.54,7853767141.43,3118212186,3466380254.44,8319567285.54,4853187031.1,465800144.11,1734974845.1,295537890.77,156951111.26,3422002062.81,NULL,53192431.74,NULL
SZ000002,2003-06-30,万科A,中报,2003-07-29,CNY,888203621.12,202853877.71,1087052527.85,780951274.5,1389167869.32,NULL,NULL,NULL,NULL,NULL,NULL,NULL,16855535.96,742400,333402157.98,NULL,NULL,NULL,NULL,7058135501.43,NULL,NULL,NULL,160000000,56759797.9,37781760.41,1410869194.82,NULL,897891221.12,202853877.71,9687600,NULL,NULL,NULL,NULL,NULL,NULL,NULL,38994841.12,18591975.88,189869720.06,1383386596,1042000000,18138831.1,1302470413.97,45322924.73,9473215236.16,9021123072.87,4152364316.21,4322312828.45,9473215236.16,5150902407.71,452092163.29,998538091.5,223928860.36,155348158.8,4284531068.04,NULL,209899878,NULL
SZ000002,2003-09-30,万科A,三季报,2003-10-28,CNY,667604596.94,181113050.33,1813542861.45,716832294.5,1443401259.23,NULL,NULL,NULL,NULL,NULL,NULL,NULL,16855535.96,302400,304030467.65,NULL,NULL,NULL,NULL,8491801407.5,NULL,NULL,NULL,160000000,65162425.35,37578211.59,799576969.65,NULL,677324124.94,181113050.33,9719528,NULL,NULL,NULL,NULL,NULL,NULL,NULL,33428279.43,16278166.4,197444764.71,1394795949,1555000000,17976564.99,1302470413.96,-30203421.44,10240488308.41,9810490004.64,4860495223.26,4453454344.82,10240488308.41,5787033963.59,429998303.77,926538740.33,197319229.28,137561907.11,4415876133.23,NULL,276004123.9,NULL
SZ000002,2003-12-31,万科A,年报,2005-03-22,CNY,2100180916.65,269464752.24,464745080.69,713294528.5,1458336399.89,NULL,NULL,NULL,NULL,NULL,NULL,NULL,NULL,NULL,268024928.59,NULL,NULL,NULL,NULL,8670928242.49,NULL,NULL,57078249.53,260200000,24912435.28,59101290.73,968784720.92,160000000,2103180916.65,269464752.24,3000000,NULL,NULL,NULL,NULL,NULL,NULL,NULL,31771644.44,18513132.37,203589856.93,1395849444,1680000000,17345416.25,1600719275.98,147222365.84,10561040095.7,10211024482.3,4776800395.84,4760460394.55,10561040095.7,5800579701.15,350015613.4,1023779305.31,193111654.68,96504251.87,4701359103.82,NULL,247106386.08,NULL
SZ000002,2004-03-31,万科A,一季报,2004-04-17,CNY,1747443214.25,263915548.56,412928705.51,91755408.8,1967394886.46,NULL,NULL,NULL,NULL,NULL,NULL,NULL,NULL,NULL,261002627,NULL,NULL,NULL,NULL,9509622544.4,NULL,NULL,NULL,410200000,13702578.8,71671947.34,1184795548.76,160000000,1751443214.25,263915548.56,4000000,NULL,NULL,NULL,NULL,NULL,NULL,NULL,33195846.4,17586785.68,376574193.47,1501283209,3150000000,16415965.9,1600719275.98,71272930.29,11790932666.92,11458981540.71,5745487508,5492707118.04,11790932666.92,6298225548.88,331951126.21,552738040.88,170940190.16,118201333.39,5421035170.7,NULL,352040873.1,NULL
SZ000002,2004-06-30,万科A,中报,2004-08-06,CNY,1752902685.04,261459806.83,902350956.61,NULL,1431150859.63,NULL,NULL,NULL,NULL,NULL,NULL,NULL,NULL,NULL,255614262.58,NULL,NULL,NULL,NULL,10123366314.21,NULL,NULL,NULL,1049285000,17827263.74,85422804.25,1842486287.36,160000000,1756902685.04,261459806.83,4000000,NULL,NULL,NULL,NULL,NULL,NULL,NULL,27772472.49,14338343.68,348356260.79,2273627871,3239000000,17603272.62,1600719275.98,112786082.02,13228829977.31,12893544892.51,6412383383.79,5725050777.35,13228829977.31,7503779199.96,335285084.8,1091395816.17,214025688.47,313525231.67,5639627973.1,NULL,334493087.6,NULL
SZ000002,2004-09-30,万科A,三季报,2004-10-28,CNY,1732259510.37,187619707.09,2103844901.65,1990386944.44,1431150859.63,NULL,NULL,NULL,NULL,NULL,NULL,NULL,NULL,NULL,252169949.64,NULL,NULL,NULL,NULL,11013097092.33,NULL,NULL,NULL,975315000,37850592.62,81600748.94,3211972517.9,60000000,1732259510.37,187619707.09,NULL,NULL,NULL,NULL,NULL,NULL,NULL,NULL,28662863.25,905735.82,746282187.87,2273627871,2806000000,17991570.04,1600719275.98,32747826.37,15849790589.33,15495576641.7,7062985514.8,5791534531.02,15849790589.33,10058256058.31,354213947.63,2995270543.51,303330625.53,332817897.9,5709933782.08,NULL,404845714.84,NULL
SZ000002,2004-12-31,万科A,年报,2006-03-21,CNY,2424131909.75,375047445.81,2166856261.28,1995397534.24,1431150859.63,NULL,NULL,NULL,NULL,NULL,NULL,NULL,NULL,NULL,231425594.55,NULL,NULL,NULL,NULL,10545591392.27,NULL,NULL,95078254.26,899693475.17,41603678.6,102248755.37,3131999521.63,320200000,2424131909.75,375047445.81,NULL,NULL,NULL,NULL,NULL,NULL,NULL,NULL,31986778.72,19141566.27,649511826.91,2273627871,795000000,18761752.36,2083622716.27,165507910.22,15534422529.76,15166315002.35,6283755633.29,6304447542.07,15534422529.76,9229974987.69,368107527.41,2946219354.4,373795291.31,462990042.56,6202198786.7,NULL,414846412.17,NULL
SZ000002,2005-03-31,万科A,一季报,2005-04-25,CNY,2126558165.11,296659346.9,2571138928.19,1999702474.91,1431687262.25,NULL,NULL,NULL,NULL,NULL,NULL,NULL,NULL,NULL,229265841.3,NULL,NULL,NULL,NULL,11521818524.81,NULL,NULL,NULL,1255002575.51,38235487.49,206085640,2161493186.36,320200000,2126558165.11,296659346.9,NULL,NULL,NULL,NULL,NULL,NULL,NULL,NULL,20933234.4,19000000,1233227099.4,2273749453,1216000000,17630284.94,2083622716.27,120287271.75,18099562461.14,16037619985.45,7772033053.41,6661321122.91,18099562461.14,11438241338.23,2061942475.69,3666208284.82,1384270752.88,820959502.07,6455235482.91,NULL,666761039.9,NULL
SZ000002,2005-06-30,万科A,中报,2005-08-01,CNY,2209822482.21,252575582.94,3113384795.48,2003396665.29,295720630.52,7567273.5,NULL,NULL,NULL,NULL,NULL,NULL,50441552.18,NULL,228486928.27,NULL,NULL,NULL,NULL,13199306565.2,NULL,NULL,NULL,1449745475.51,34621408.05,239349785.58,1948545756.05,519150000,2209822482.21,252575582.94,NULL,NULL,NULL,NULL,NULL,NULL,NULL,NULL,21124779.53,19000000,651785004.67,3410971780,1176000000,18258642.99,2083622716.27,35223766.94,18878575570.48,16795072751.15,8116669125.42,6897069524.73,18878575570.48,11981506045.75,2083502819.33,3864836920.33,1025409662.43,739299987.86,6657719739.15,NULL,868801900.43,NULL
SZ000002,2005-09-30,万科A,三季报,2005-10-31,CNY,2148584528.09,198125954.74,5239841796.13,1988422284.95,295843214.6,14757553.52,NULL,NULL,NULL,NULL,NULL,NULL,NULL,NULL,227392903.78,NULL,NULL,NULL,NULL,14842914142.5,NULL,NULL,NULL,1454832775.51,44601538.29,270062833.83,2624139930.07,612450000,2148584528.09,198125954.74,NULL,NULL,NULL,NULL,NULL,NULL,NULL,NULL,20412684.89,NULL,504730418.18,3411020331,1325000000,17316173.28,2083622716.27,-142790404.09,21198362006.55,19121767656.86,10267279550.34,7008836346.94,21198362006.55,14189525659.61,2076594349.69,3922246109.27,1028269655.86,946231989.94,6738773513.11,NULL,945542468.11,NULL
SZ000002,2005-12-31,万科A,年报,2007-03-20,CNY,3297935001.62,377307701.04,4664152790.56,884762649.44,1075553873.4,19699697.2,NULL,NULL,NULL,NULL,NULL,NULL,NULL,NULL,216704102.51,NULL,NULL,NULL,NULL,14849481106.68,NULL,NULL,1844129696.85,1194889180,26932476.5,271620671.03,3249034710.39,662980000,3322616992,377307701.04,3781990.38,NULL,NULL,1554912.96,NULL,NULL,NULL,NULL,19201125.98,23979011.41,702577950.58,3722687670,900000000,17719176.86,2893840406.35,43424625.76,21992392061.3,19884926088.24,10883742013.89,8581223228.07,21992392061.3,13411168833.23,2107465973.06,2527426819.34,1210901610.96,704969706.59,8309602557.04,NULL,613894467.92,NULL
SZ000002,2006-03-31,万科A,一季报,2006-04-25,CNY,2969720384.86,276864252.4,4747881863.75,121645577.36,1615721506.78,24471590.37,NULL,NULL,NULL,NULL,NULL,NULL,NULL,NULL,319104209.61,NULL,NULL,NULL,NULL,16633484314.59,NULL,NULL,NULL,1005323960,13914338.85,760363411.66,2879832733.47,911105000,2973502375.24,276864252.4,3781990.38,NULL,NULL,NULL,NULL,NULL,NULL,NULL,19125131.79,23889362.07,1356274270.27,3936964741,3030000000,22483284.34,2893840406.35,-7924269.76,24272615067.47,22081724021.96,12833694414.73,10211932757.6,24272615067.47,14060682309.87,2190891045.51,1226987895.14,1106494021.98,929774938.4,9451569345.94,NULL,1002073873.08,NULL
SZ000002,2006-06-30,万科A,中报,2006-08-01,CNY,3836619054.56,294116567,4972140378.21,NULL,1699010207.04,42702484.28,NULL,NULL,NULL,NULL,NULL,NULL,NULL,NULL,376865890.34,NULL,NULL,NULL,NULL,20283042598.73,NULL,NULL,NULL,3466928051.12,2603690.07,1214113822.22,3426873352.03,1597540000,3836619054.56,294116567,NULL,NULL,NULL,NULL,NULL,NULL,NULL,NULL,26037562.29,24675966.19,1653088151.58,3969898751,1992756000,25746694.33,2893840406.35,26863905.83,28727821155.28,26534960746.3,13536173726.73,11617001985.03,28727821155.28,17110819170.25,2192860408.98,3574645443.52,1051251876.13,801330377.06,10402888162.81,NULL,1834690356.27,NULL
SZ000002,2006-09-30,万科A,三季报,2006-10-31,CNY,4160907883.05,254405741.97,10315163582.65,NULL,1699025082.89,68416630.16,NULL,NULL,NULL,NULL,NULL,NULL,NULL,NULL,390939891.86,NULL,NULL,NULL,NULL,29828830859.92,NULL,NULL,NULL,5660258603.24,47153628.69,1827357569.51,5459989177.6,2001370000,4170907883.05,254405741.97,10000000,NULL,NULL,NULL,NULL,NULL,NULL,NULL,18046781.32,25300019.53,2327858309.02,3969898751,5541696000,29205756.3,2893840406.36,-531677692.61,42245109714.16,38643966110.65,24709113071.51,11775387374.64,42245109714.16,30469722339.52,3601143603.51,5760609268.01,3151558226.36,663410232.11,9948029805.13,NULL,1377424235.24,NULL
SZ000002,2006-12-31,万科A,年报,2008-03-21,CNY,5952263493.07,364609673.22,8836350970.3,NULL,5315012258.19,3272022.92,NULL,NULL,233532008.85,891116532.12,NULL,NULL,NULL,NULL,500064794.52,NULL,NULL,NULL,NULL,34167114653.21,9452880.03,NULL,819927416.39,9452876950.91,9282294.52,2524955810.69,10743695198.09,1090094000,5952263493.07,364609673.22,NULL,NULL,NULL,4527867.23,NULL,NULL,NULL,NULL,17391619.87,31677271.29,2313835552.23,4369898751,2715470000,325218938.8,4402087926.99,203550729.36,49919840381.13,48262565548.9,22016270596.03,17453503546.99,49919840381.13,32466336834.14,1657274832.23,10450066238.11,2893322464.5,671005746.39,14928547736.3,NULL,831480143.76,NULL
SZ000002,2007-03-31,万科A,一季报,2007-04-30,CNY,3495932975.7,299825550.82,9565965345.76,NULL,5423843435.84,NULL,NULL,NULL,133582046.53,46248443.39,NULL,NULL,NULL,NULL,505039011.82,NULL,NULL,NULL,NULL,34681890561.76,364890189.01,NULL,1077401487.84,12309609730.61,5222171.35,2294602589.11,9223752632.4,1954970303.34,3495932975.7,299825550.82,NULL,NULL,NULL,NULL,NULL,NULL,NULL,NULL,NULL,33001401.22,1756961384.64,4369898751,1852990000,46536491.67,4402087926.99,-174482533.15,50178579910.92,47640363451.57,19835147047.2,17951210296.51,50178579910.92,32227369614.41,2538216459.35,12392222567.21,3093234463.88,1676330637.11,15656607707.4,NULL,1443829427.94,NULL
SZ000002,2007-06-30,万科A,中报,2007-08-28,CNY,6429699189.19,446272044.62,13498009337.59,NULL,2956419569.54,23093165.27,NULL,NULL,127095151.62,18858378.53,NULL,NULL,NULL,NULL,492551260.11,NULL,NULL,NULL,NULL,43333003938.05,350824251.04,NULL,2099141697.11,15870312243.31,5550592.66,2423310271.57,12085935053.85,3077148000,6429699189.19,446272044.62,NULL,NULL,NULL,NULL,NULL,NULL,NULL,NULL,NULL,33386427.63,2904585830.09,6554848126,1840000000,71445443.88,4402087926.99,-175913831.36,63670342453.68,60425806674.53,29502216291.53,18237390306.93,63670342453.68,45432952146.75,3244535779.15,15930735855.22,4761828152.23,1651994284.4,15814080035.36,NULL,1850052893.62,NULL
SZ000002,2007-09-30,万科A,三季报,2007-10-30,CNY,6602873390.84,317512660.57,28798755594.01,NULL,12663216172.53,47040567.86,NULL,NULL,157035278.47,25433543.64,NULL,NULL,NULL,NULL,546111850.67,NULL,NULL,NULL,NULL,62890490728.47,322359374.9,NULL,1080928978.64,17770538277.09,6516214.59,3351398737.68,22387956702.33,5867148000,6602873390.84,317512660.57,NULL,NULL,NULL,NULL,NULL,NULL,NULL,NULL,NULL,62264574.26,4502196101.44,6872006387,450000000,86274773.89,4402087926.99,-1498944645.75,95027325209.92,92670935016.5,45150393932.66,29456226233.07,95027325209.92,65571098976.85,2356390193.42,20420705044.19,4844286819.67,2572778823.69,26104827495.39,NULL,2098939750.03,NULL
SZ000002,2007-12-31,万科A,年报,2009-03-10,CNY,11103797389.76,864883012.55,21622747400.8,NULL,12830465899.13,271270240.23,NULL,NULL,604057419.26,991004610.53,NULL,NULL,NULL,NULL,575205554.97,NULL,NULL,NULL,NULL,66472876871.4,277090574.96,NULL,2438609165.05,16362079840.21,6871651.49,4640875427.84,17046504584.31,7488676903.65,11103797389.76,864883012.55,NULL,NULL,NULL,NULL,NULL,NULL,NULL,NULL,9913830.68,37962953.43,8284197850.73,6872006387,1104850000,729790790.42,5395470156.38,795716626.98,100094467908.29,95432519188.17,48773983644.4,33919523029.04,100094467908.29,66174944879.25,4661948720.12,17400961234.85,5907447420.79,2764056869.18,29278647601.2,NULL,4032906217.68,NULL
SZ000002,2008-03-31,万科A,一季报,2008-04-25,CNY,9202802987.72,865218305.83,24308987349.25,NULL,12959309467.97,304969405.34,NULL,NULL,723122313.11,979661278.18,NULL,NULL,NULL,NULL,582962485.56,NULL,NULL,NULL,NULL,72398283778.88,280976488.99,NULL,1800791380.73,16485984470.98,13846626.1,5276123866.29,15626087320.46,8672000715.97,9202802987.72,865218305.83,NULL,NULL,NULL,NULL,NULL,NULL,NULL,NULL,15270757.75,39584226.4,9943048262.63,6872006387,1424850000,195376661.45,5395470156.38,-133953416.19,106060241267.34,101896425811.56,53059884248.99,35479856285.04,106060241267.34,70580384982.3,4163815455.78,17520500733.31,9353540863.66,3063788143.76,30203732418.75,NULL,4751039479.32,NULL
SZ000002,2008-06-30,万科A,中报,2008-08-05,CNY,10139958748.48,1032195093.15,26453686006.3,NULL,7953699918.07,399596371.78,NULL,NULL,923820505.55,902219312.17,NULL,NULL,NULL,NULL,640510108.59,NULL,NULL,NULL,NULL,81159874134.55,137815093.95,NULL,2195235529.91,13698727369.46,19950848.48,5803053073.18,15369845629.99,9612150887.96,10139958748.48,1032195093.15,NULL,NULL,NULL,NULL,NULL,NULL,NULL,NULL,14732390.88,40376723.37,5825281328.12,10995210218,5350616527.77,175156153.23,5395470156.38,-833196356.6,111101241846,106384315468.25,60622182594.72,35823003455.4,111101241846,75278238390.6,4716926377.75,14656055795.88,9699836787.58,2997119282.44,30019950382.22,NULL,5396966626.78,NULL
SZ000002,2008-09-30,万科A,三季报,2008-10-28,CNY,10198440954.15,777669995.99,31079804725.17,5761746675.83,7802994860.45,294565956.97,NULL,NULL,1027526442.63,902975348.55,NULL,NULL,NULL,NULL,643565822.74,NULL,NULL,NULL,NULL,87375573467.61,167487032.73,NULL,1768161960.4,9923907410.42,28820262.84,6762424647.47,19942417819.5,12536270483.48,10198440954.15,777669995.99,NULL,NULL,NULL,NULL,NULL,NULL,NULL,NULL,18942745.88,45022390.34,5364692643.75,10995210218,4533515833.31,145114899.01,5395470156.38,-1875394835.99,121465278006.22,117151847624.31,67961030407.22,36851653027.98,121465278006.22,84613624978.24,4313430381.91,16652594571.02,11337009668.09,3691493697.46,30089228380.51,NULL,5612452714.73,NULL
SZ000002,2008-12-31,万科A,年报,2010-03-02,CNY,12895962836.63,922774844.24,23945755139.85,5768015997.01,7853144319.55,188587022.9,NULL,NULL,1449480632.53,867797927.6,NULL,NULL,NULL,NULL,1265332766.18,NULL,NULL,NULL,NULL,85898696524.95,198394767.05,NULL,2485725268.99,9174120094.83,25268164.97,6926624218.8,19978285929.92,13264374576.45,12895962836.63,922774844.24,NULL,NULL,NULL,NULL,NULL,NULL,NULL,NULL,12644849.82,41729468.03,3160518998.56,10995210218,4601968333.32,517762853.19,6581984978.14,-861985122.52,119236579721.09,113456373203.92,64553721902.6,38818549481.2,119236579721.09,80418030239.89,5780206517.17,15864308337.29,10188188405.68,3496096906.25,31891925262.4,NULL,6184277986.66,NULL
SZ000002,2009-03-31,万科A,一季报,2009-04-27,CNY,11057267587.88,1037137439.23,27387907481.48,5774318909.16,7883868654.13,235640266.81,NULL,NULL,1547750724.43,845256682.1,NULL,NULL,NULL,NULL,1231879157.16,NULL,NULL,NULL,NULL,84255401400.76,169092420.48,NULL,2400149941.02,12168970590.83,22342314.1,7041402747.92,26921921879.8,12126159350.17,11057267587.88,1037137439.23,NULL,NULL,NULL,NULL,NULL,NULL,NULL,NULL,15224376.32,33938233.44,3218185592.2,10995210218,6604540083.34,255200463.88,6581984978.14,-1247293505.98,124833896323.46,119104076268.88,66263834333.51,39732353198.1,124833896323.46,85101543125.36,5729820054.58,18837708791.85,10076211672.74,3671429956.89,32690950450.18,NULL,6953042005.64,NULL
SZ000002,2009-06-30,万科A,中报,2009-08-04,CNY,12198850105.46,1001075236.38,29979748629.62,5780686179.42,8507628678.32,236609988.42,NULL,NULL,1446780446.6,805933302.4,NULL,NULL,NULL,NULL,1165774969.84,NULL,NULL,NULL,NULL,84165799266.96,168374068.65,NULL,2526421018.74,13439637161.93,22243866.14,7283669809.54,26880423542.74,9985512612.76,12198850105.46,1001075236.38,NULL,NULL,NULL,NULL,NULL,NULL,NULL,NULL,19724958.76,30392447.33,2858052281.36,10995210218,2141296944.44,373289443.69,6581984978.14,-1361652228.59,124519928693.78,118808776465.55,62638612948.81,41804941695.13,124519928693.78,82714986998.65,5711152228.23,20076374049.84,9318023241.43,3903426138.11,34521271885.59,NULL,8158909882.3,NULL
SZ000002,2009-09-30,万科A,三季报,2009-10-26,CNY,12127516745.1,501523208.25,34568739770.54,5787157905.36,8496968104.42,105297970.85,NULL,NULL,1504389232.88,785360259.2,NULL,NULL,NULL,NULL,1150759154.09,NULL,NULL,82378908.11,NULL,86752229378.23,229597578.91,NULL,2485526567.14,17656398726.56,21814778.49,7421395795.23,27614616095.17,6407677636.95,12127516745.1,501523208.25,NULL,NULL,NULL,NULL,NULL,NULL,NULL,NULL,11786603.04,32429428.12,4733854686.05,10995210218,1915242246.93,386490207.07,6581984978.14,-1937225825.34,129502509181.71,123792767959.72,62865226540.52,42364149718.91,129502509181.71,87138359462.8,5709741221.99,24273132922.28,9396785759.27,4190544592.02,34942753923.68,NULL,8592109714.6,NULL
SZ000002,2009-12-31,万科A,年报,2011-03-08,CNY,16300047905.75,713191906.14,31734801163.76,5793735805.14,8557716583.44,593208234.13,NULL,NULL,1265649477.66,802464465.02,NULL,NULL,NULL,NULL,1355977020.48,NULL,NULL,81966325.94,NULL,90085294305.52,228143157.99,NULL,3565383001.51,17502798297.11,31318689.65,8032624392.93,23001923830.8,7440414366.78,16330047905.75,713191906.14,30000000,NULL,NULL,NULL,NULL,NULL,NULL,NULL,8408143.82,34355814.95,8736319500.73,10995210218,1188256111.11,806504472.2,8737841436.85,1176877640.28,137608554829.39,130323279449.37,68058279849.28,45408512454.07,137608554829.39,92200042375.32,7285275380.02,24141762526.04,9381378189.4,7785809435.41,37375888061.14,NULL,8808398744.05,NULL
SZ000002,2010-03-31,万科A,一季报,2010-04-27,CNY,15937825057.03,406782082.64,36694590559.56,5800421625.15,9032571069.12,656295795.9,NULL,NULL,1368025585.04,786526062.49,NULL,NULL,NULL,NULL,1343583791.29,NULL,NULL,81577777.16,NULL,103511656967.35,125607420.45,NULL,3731977342.22,16635157519.51,28635374.8,8414316977.54,17917618441.85,12305247376.84,15937825057.03,406782082.64,NULL,NULL,NULL,NULL,NULL,NULL,NULL,NULL,7891827.35,37608856.68,9333214951.75,10995210218,430000000,290097187.04,8737841436.85,928857842.97,148395955756.86,140886939320.2,77734839278.39,47393510587.29,148395955756.86,101002445169.57,7509016436.66,23267605891.18,11147879034.03,9717666876.61,38979193609.75,NULL,9934978193.24,NULL
SZ000002,2010-06-30,万科A,中报,2010-08-10,CNY,13345146050.98,336286525.75,45384939824.1,5807217140.8,8865922273.24,720431027.61,NULL,NULL,1324276861.45,733256815.27,NULL,NULL,NULL,NULL,1336447000.46,NULL,NULL,81141161.6,NULL,111531216743.51,124381463.18,NULL,4307871877.37,19625347621.55,31704946.44,8646855033.41,19111314733.47,12393019486.3,13345146050.98,336286525.75,NULL,NULL,NULL,NULL,NULL,NULL,NULL,NULL,8735985.85,33609749.71,9760453250.15,10995210218,1023308333.34,485697824.58,8737841436.85,796895086.14,160512664552.08,152561515901.91,85884688461.1,48419808777.8,160512664552.08,112092855774.28,7951148650.17,26208167313.18,12450611655.25,11822244649.03,39772953744.39,NULL,10849520735.68,NULL
SZ000002,2010-09-30,万科A,三季报,2010-10-25,CNY,13134370053.86,192537178.21,65646366078.07,5814124156.63,8853028480.52,748560145.48,NULL,NULL,1345872395.14,723639012.12,NULL,NULL,NULL,NULL,1326378698.68,NULL,NULL,80718585.76,NULL,123195755582.51,144281323.12,NULL,4641959387.4,23317640426.67,37176488.7,9081511569.51,31543455323.84,13831108147.57,13134370053.86,192537178.21,NULL,NULL,NULL,NULL,NULL,NULL,NULL,NULL,8550656.67,43567523.48,10843643208.14,10995210218,2000070312.5,454688977.21,8737841436.85,629759480.28,187935298155.38,179605587531.1,108691043196.62,49336733183.19,187935298155.38,138598564972.19,8329710624.28,29907521775.57,12979145294.1,13830196238.4,40255221613.68,NULL,11309026070.9,NULL
SZ000002,2010-12-31,万科A,年报,2012-03-13,CNY,16923777818.98,1594024561.07,74405197318.78,5821144507.03,8789344008.84,764282140.58,NULL,NULL,1643158028.39,738993358.99,NULL,NULL,NULL,NULL,1219581927.47,NULL,NULL,373951887.29,NULL,133333458045.93,129176195.26,NULL,4493751631.16,24790499290.5,32161415.85,10353522851.3,37816932911.84,15305690786.98,16923777818.98,1594024561.07,NULL,NULL,NULL,NULL,NULL,NULL,1055992714.51,NULL,8816121.26,41107323.15,17838003464.71,10995210218,1478000000,1415758826.87,10587706328.79,3165476401.56,215637551741.83,205520732201.32,129650791498.49,54586199642.41,215637551741.83,161051352099.42,10116819540.51,31400560600.93,16941835851.89,14938313217.77,44232676791.11,NULL,13470284310.05,NULL
SZ000002,2011-03-31,万科A,一季报,2011-04-20,CNY,16225661524.35,1102852078.52,92940741614.9,5825899822.99,8844073108.84,803509008.81,NULL,NULL,1801351178.28,732726842.26,NULL,NULL,NULL,NULL,1210487670.25,NULL,NULL,329973358.79,NULL,150852395368.06,126939185.61,NULL,4944049008.94,20796725976.69,35121008.35,10596420230.81,37189322962.18,18569840312.92,16225661524.35,1102852078.52,NULL,NULL,NULL,NULL,NULL,NULL,1055992714.51,NULL,9299782.86,57496495.37,19301585142.37,10995210218,1718000000,722129130.56,10587706328.79,2453471782.46,235358830324.57,224646643591.03,151807436944.93,56129244459.47,235358830324.57,179229585865.1,10712186733.54,27422148920.17,19161476900.44,16200488039.9,45532824228.66,NULL,14675422869.38,NULL
SZ000002,2011-06-30,万科A,中报,2011-08-09,CNY,18435021487.32,1044885560.6,107073555082.71,5835532700.74,8794420314.52,898256795.8,NULL,NULL,1935106183.8,729089043.23,NULL,NULL,NULL,NULL,1230034561.27,NULL,NULL,330947628.92,NULL,171366411442.19,190561409.93,NULL,5104763088.52,23937768250.26,39057086.9,11602949737.61,40779468533.59,21431893713.1,18435021487.32,1044885560.6,NULL,NULL,NULL,NULL,NULL,NULL,1055992714.51,NULL,10554510.1,45437745.61,19227480406.42,10995210218,1607200000,660139372.9,10587706328.79,1655667831.29,260960278715.02,249770795645.37,172594413838.17,57807482626.91,260960278715.02,203152796088.11,11189483069.65,30558382249.94,21720390981.48,17352549702.57,46204532889.3,NULL,15348617941.35,NULL
SZ000002,2011-09-30,万科A,三季报,2011-10-25,CNY,20479603331.8,995080616.19,122814853488.65,5842904366.15,8833707160.55,927879068.33,NULL,NULL,2093922477.44,746745985.23,NULL,NULL,NULL,NULL,1249826925.94,NULL,NULL,329888524.51,NULL,192936430376.88,188316999.33,NULL,5091000556.01,22322804148.31,38080024.29,12658043687.16,33899446885.85,22823152432.98,20510853332.21,995080616.19,31250000.41,NULL,NULL,NULL,NULL,NULL,1055992714.51,NULL,44832728.5,40608212.96,21484479529.9,10995210218,921008220.1,551705096.58,10587706328.79,1595091621.48,283205805806.24,271826134915.88,194654158193.11,59553752171.98,283205805806.24,223652053634.26,11379670890.36,28997895441.15,25412874765.78,22510697507.06,46895708484.82,NULL,15954673461.98,NULL
SZ000002,2011-12-31,万科A,年报,2013-02-28,CNY,29745813416.12,1514813781.1,111101718105.82,5850397011.2,8843464118.19,705552593.56,NULL,NULL,2326241907.17,778906118.75,NULL,NULL,NULL,NULL,1595862733.95,NULL,NULL,435474310.08,NULL,208335493569.16,1126105451,NULL,6426494499.65,20971961953.04,40999359.45,14864743536.62,34239514295.08,21845829338.08,29777063416.53,1514813781.1,31250000.41,NULL,NULL,NULL,NULL,NULL,463792750,NULL,11798188.07,38677896.7,20116219043.31,10995210218,1724446469.54,1690351691.72,13648727454.84,4078618156.81,296208440030.05,282646654855.19,200724160315.26,67832538547.03,296208440030.05,228375901483.02,13561785174.86,27651741167.76,30489091352.57,18440614166.54,52967795010.41,NULL,18934617430.43,NULL
SZ000002,2012-03-31,万科A,一季报,2012-04-24,CNY,28223693829.62,1254167201.01,122363408287.51,5858012626.76,8877691378.55,852243554.08,NULL,NULL,2635756551.14,782098327.85,NULL,NULL,NULL,NULL,1579057427.06,NULL,NULL,434403307.02,NULL,214701089352.32,1185599281.37,NULL,6562764306.56,31260022841.27,39970070.95,14762398892,39054424566.76,15759399300.28,28223693829.62,1254167201.01,NULL,NULL,NULL,NULL,NULL,NULL,14400000,NULL,12795504.78,54738153.38,23961462217.97,10995210218,2044944769.32,1048053352.05,13648727454.84,3506107762.94,310436504322.24,296691048254.06,203348130231.32,69120706636.88,310436504322.24,241315797685.36,13745456068.18,37967667454.04,30375127527.74,17719904916,54358307744.88,NULL,20330554196.61,NULL
SZ000002,2012-06-30,万科A,中报,2012-08-07,CNY,28685304439.45,1140477551.74,130864793680.34,5865753236.39,8753148425.91,925326419.69,NULL,NULL,2767396331.28,787966697.12,NULL,NULL,2049615830.88,NULL,1566455945.55,NULL,NULL,463174170.15,NULL,226360863597.22,1225338123.64,NULL,6884039487.21,36739796495.52,45883869.95,14734158409.75,47012188240.68,15505731930.01,28956926426.27,1140477551.74,271621986.82,NULL,NULL,NULL,NULL,NULL,276700000,NULL,14668843.09,57904386.05,22626340957.94,10995210218,4800111122.97,838250196.26,13648727454.84,2943892206,330401184008.97,316242106061.5,217101120675.57,69833973675.23,330401184008.97,260567210333.74,14159077947.47,43466089658.17,33172101870.49,19102235713.92,55099815265.48,NULL,21230325181.42,NULL
SZ000002,2012-09-30,万科A,三季报,2012-10-24,CNY,32064096860.89,1352490629.96,144840709925.91,5873620897.15,8674610790.7,1024702448.3,NULL,NULL,3341769183.87,796683005.14,NULL,NULL,NULL,NULL,1567421081.38,201689835.8,NULL,496921131.09,NULL,246708454387.2,2249730716.81,NULL,6884243102.85,35830641935.95,44141665.47,15319099473.04,33307397473.86,14122710751.39,33755699171.89,1352490629.96,1691602311,NULL,NULL,NULL,NULL,NULL,239400000,NULL,15354277.09,62437799.31,24088085618.04,10995441718,4483636536.7,949261823.51,13648727454.84,2532161788.2,347774599925.45,331719817159.88,233554999680.37,71640862330.44,347774599925.45,276133737595.01,16054782765.57,42578737914.64,32844505232.08,26263389050.82,56321762857.4,NULL,22585127164.26,NULL
SZ000002,2012-12-31,万科A,年报,2015-03-31,CNY,44860995716.97,1886548523.49,131023977530.61,NULL,8711236261.16,1051118825.93,NULL,NULL,3054857904.42,733812757.71,NULL,NULL,NULL,NULL,1612257202.22,201689835.8,NULL,426846899.52,NULL,255164112985.07,2375228355.79,NULL,6959091225.41,36036070366.26,42316652.03,18312641062.8,52291542055.49,25624959204.23,49838127152.19,1886548523.49,4977131435.22,NULL,413614596.98,0,0,NULL,218492000,NULL,15677985.06,44292267.15,33373611935.08,10995553118,9932400240.5,2177748944.37,17017051382.39,4515588914.24,378801615075.37,362773737335.37,259833566711.09,82138194988.1,378801615075.37,296663420087.27,16027877740,36829853376.18,36695003707.68,20057921836.24,63825553925.3,NULL,26688098566.77,NULL
SZ000002,2013-03-31,万科A,一季报,2013-04-23,CNY,43029674846.11,1818703512.65,150435897097.54,4945911790.7,8815910588.65,1149560690.54,NULL,NULL,3322537483.18,719838907.88,NULL,NULL,NULL,NULL,1578409383.14,201689835.8,NULL,425765015.79,NULL,289765724060.82,2471901508.95,NULL,7208532308.83,28289448469.5,12083745.88,19048424178.75,52258688500.11,30958487640.33,50895098591.52,1818703512.65,7865423745.41,NULL,NULL,NULL,NULL,NULL,419692521.58,NULL,24420645.1,51079183.68,33371503081.22,11006757559,13108054428.03,1237674220.99,17017051382.39,4023052277.23,417894248034.75,401099311941.06,299237121799.42,84626427238.47,417894248034.75,333267820796.28,16794936093.69,34030698996.86,48554557793.14,23884692786.26,65578003059.72,NULL,28302002795.1,NULL
SZ000002,2013-06-30,万科A,中报,2013-08-07,CNY,48312393766.42,1748303836.67,159401788305.77,4831780996.48,8884186807.72,1222684310.41,NULL,NULL,3491819798.7,700776308.49,NULL,NULL,NULL,NULL,1640978163.15,201689835.8,NULL,421828659.28,NULL,311143507991.61,2485979761.73,NULL,9047747434.94,24450249832.14,69304282.76,21420854982.18,37603625994.77,32865773426.42,59261263120.77,1748303836.67,10948869354.35,NULL,NULL,NULL,NULL,NULL,485540000,NULL,33818816.1,58550987.53,29601947463.73,11013724969,11988616839.68,1287277366.26,17017051382.39,2835193847.95,432241960220.85,413169026674.08,314101301063.91,88065482216.2,432241960220.85,344176478004.65,19072933546.77,30075176940.74,46447570172.1,33071641387.3,66644627234.02,NULL,29263002703.09,NULL
SZ000002,2013-09-30,万科A,三季报,2013-10-30,CNY,47359086737.99,1432473333.67,175298121287.08,4809002179.89,8894382275.54,1311596418.41,NULL,NULL,3690784903.81,696902857.26,NULL,NULL,NULL,NULL,1637095332.56,201689835.8,NULL,419169473.39,NULL,338834053099.04,2730782273.15,NULL,9242623269.22,31003360880.15,65783752.4,26100900746.34,37063558411.45,26380524129.86,60537238751.24,1432473333.67,13178152013.25,NULL,NULL,NULL,NULL,NULL,4400000,NULL,38020390.18,61276165.91,31867448089,11014872119,12522737995.52,1254908683.99,17017051382.39,1819752491.85,461137800353.88,441639780695.14,330162699156.98,94366538723.51,461137800353.88,366771261630.37,19498019658.74,36608562473.39,52336272182.19,32442247761.98,68265637977.17,NULL,30866916677.18,NULL
SZ000002,2013-12-31,万科A,年报,2015-03-31,CNY,63958459138.78,3078969781.37,155518071436.35,7398391932.47,8549133640.46,913666777.1,NULL,NULL,3525262051.95,672715687.44,NULL,11686986.02,NULL,NULL,2129767863.36,201689835.8,NULL,430074183.12,NULL,331133223278.99,11710476284.3,NULL,10531425708.34,36683128420.08,63510505.21,28543440058.93,44365409795.23,27521791569.9,78742359085.15,3078969781.37,14783899946.37,NULL,489582195.92,NULL,NULL,NULL,5080619213.82,NULL,42955020.85,46876821.15,28653665102.61,11014968919,5102514631.14,2451674436.71,20135409720.24,4578205233.59,479205323490.54,442046585199.61,328921832209.92,105439423398.63,479205323490.54,373765900091.91,37158738290.93,44844067881.99,54995528831.06,34815317241.41,76895983339.7,NULL,36706888864.08,NULL
SZ000002,2014-03-31,万科A,一季报,2014-04-29,CNY,55598684734.25,2926167656.32,176721332709.21,7469031945.19,8242822047.59,945245111.78,NULL,NULL,3596650057.05,663827658.35,NULL,NULL,NULL,NULL,2115515217.38,201689835.8,NULL,485395362.56,NULL,340564884966.94,10442555702.25,NULL,12186644476.23,43772083289.47,69249649.19,28207275785.75,37525817692.8,23530931156.43,69636124421.55,2926167656.32,14037439687.3,NULL,NULL,NULL,NULL,NULL,4879934407.62,NULL,48157606.07,63005445.62,33705469035.39,11014968919,4376777764.69,1556962537.78,20135409720.24,3889052592.34,495118977268.6,457764427482.5,341351899587.52,101750971736.38,495118977268.6,393368005532.22,37354549786.1,52016105944.7,61630382845.77,43042088131.05,73543695950.63,NULL,33720230984.95,NULL
SZ000002,2014-06-30,万科A,中报,2014-08-18,CNY,59668028767.1,2210244418.33,181529734053.2,9900821941.49,8312641831.95,956493084.47,NULL,NULL,3699227154.66,660269955.91,NULL,NULL,NULL,NULL,1808760212.64,201689835.8,NULL,637793525.2,NULL,341667664762.27,11802253788.84,NULL,15208461566.99,49210595087.1,74290407.68,28831405270.21,42861721091.89,15699221236.52,76276788783.12,2210244418.33,16608760016.02,NULL,NULL,NULL,NULL,NULL,5505158875.28,NULL,48509068.56,73302739.22,31945813886.8,11015027119,6582434941.6,331260358.19,20135409720.24,2575285865.45,501774293462.21,461746985010.65,336160914777.09,105719879892.84,501774293462.21,396054413569.37,40027308451.56,59893498792.28,53158513640.3,43061540851.36,76888474622.63,NULL,36999989727.44,NULL
SZ000002,2014-09-30,万科A,三季报,2014-10-27,CNY,60344787658.55,1738411713.24,199271975119.86,9888438741.99,8332067684.36,800967686.69,NULL,NULL,4088291957.74,792726696.08,NULL,NULL,NULL,NULL,1810353687.88,201689835.8,NULL,650506215.34,NULL,351234702363.24,12638954798.65,NULL,16392170595.06,46856899748.01,76655737.63,27653028333.89,48741855059.14,13834961784.86,81676486887.99,1738411713.24,21331699229.44,NULL,NULL,NULL,NULL,NULL,6248927023.21,NULL,55909832.5,71052831.8,32323239442.58,11017065969,6028636535.35,269194096.94,20135409720.24,2964383937.71,519974136115.25,476931438577.25,356126594906.02,106182513358.85,519974136115.25,413791622756.4,43042697538,57665027850.38,52078712618.65,42893229999.05,78529485024.96,NULL,38648885033.25,NULL
SZ000002,2014-12-31,万科A,年报,2017-04-18,CNY,67047199764.55,1894071801.08,181749337004.86,11612231836.68,8493632222.15,1833480603.35,NULL,NULL,4016200314.84,590299321.85,36404522.58,NULL,NULL,NULL,2308351663.13,201689835.8,NULL,877547482.32,NULL,317726378468.22,7980879614.55,NULL,19233657357.71,34536712135.87,338999043.34,27729047010.62,62715253375.94,20449288272.85,88339093630.71,1894071801.08,21291893866.16,NULL,561814972.97,4076000000,NULL,NULL,6679072047.43,NULL,68441434.99,53422794.65,29433125588.58,11037507242,2383069704.65,1830829986.8,26078775789.93,5124172860.19,508408755415.65,464805697453.18,345654030971.64,115893616919.97,508408755415.65,392515138495.68,43603057962.47,46861107524.04,45778239511.58,48924463696.78,88164569909.35,NULL,41992839682.3,NULL
SZ000002,2015-03-31,万科A,一季报,2015-04-27,CNY,65715845568.78,1614707133.67,206364038337.64,11626413267.16,8554713726.22,873674081.19,NULL,NULL,4337279210.11,585989229.81,NULL,NULL,NULL,NULL,3221433981.92,201689835.8,NULL,902277601.2,NULL,336621027400.9,8382862883.26,NULL,20057363034.5,28178132038.03,353824931.12,27326291125.49,38889714570.47,22610337628.02,90417155776.25,1614707133.67,24701310207.47,NULL,554561962.1,5156400000,NULL,NULL,6378116922.58,NULL,78218413.02,60360417.58,37960034857.08,11046108081,1023304449.5,446980488.77,26078775789.93,3930318311.81,526040441430.28,481198600848.07,369307805281.06,116203522783.62,526040441430.28,409836918646.66,44841840582.21,40529113365.6,44515670289.07,60925050603.13,88877231658.13,NULL,42643072098.88,NULL
SZ000002,2015-06-30,万科A,中报,2015-08-17,CNY,63623926045.13,1897732013.09,210477620408.01,11614241705.86,8329106450.52,790161713.67,NULL,NULL,4475623460.62,588957412.53,NULL,17577677.89,NULL,NULL,3767589119.19,201689835.8,NULL,953212984.14,NULL,333046699797.02,8465948084.46,NULL,22131285556.59,27794403218.84,372521176.59,30527162042.46,44612562238.72,23297893265.65,85257808239.68,1897732013.09,21633882194.55,NULL,498183615.04,5636000000,NULL,NULL,5654897118.88,NULL,83303698.41,89293364.19,40103349403.96,11048058100,476645418.03,485323493.33,26078775789.93,3502479925.56,536937642517.23,489991533467.29,378967586452.18,117799856665.22,536937642517.23,419137785852.01,46946109049.94,40170199399.83,55452238024.03,64695190014.5,87272694622.76,NULL,41318570667.27,NULL
SZ000002,2015-09-30,万科A,三季报,2015-10-28,CNY,76799528491.31,1508193169.43,231354064559.99,16872085068.33,8342369302.06,558330533.69,NULL,NULL,4806035625.46,553003877.94,72176773.54,NULL,NULL,NULL,4040163971.38,201689835.8,NULL,1004161194.08,NULL,351392371154.3,8920973502.77,NULL,23929960942.51,29967509389.45,393131059.46,32199143806.27,42734555138.81,23408917119.68,95088319938.7,1508193169.43,18288791447.39,NULL,288718620.89,5359140000,NULL,NULL,6752203080.24,NULL,90835725.54,100293409.82,53028449827,11049610300,763032757.23,462965232.97,26078775789.93,3586942406.99,570793421050.7,520001303260.87,402084474770.06,121125218809.56,570793421050.7,449668202241.14,50792117789.83,47583727471.08,47420232754.5,65906417197.79,88926075003.29,NULL,43326749510.12,NULL
SZ000002,2015-12-31,万科A,年报,2017-04-18,CNY,91446458420.61,2510653269.96,212625705637.3,19015812338.88,8174812609.65,598358905.88,NULL,NULL,5166540813.69,558430814.88,122195279.19,NULL,NULL,NULL,4917479160.88,201689835.8,NULL,1044991088.26,NULL,368121930513.33,10765051108.38,NULL,33503423488.02,33828584225.36,447883429.64,36126099498.69,53180381016.34,24746404056.97,108191191327.69,2510653269.96,16744732907.08,NULL,450635194.22,7956600000,NULL,NULL,6486961264.31,NULL,1378075550.63,143220557.94,39646972826.29,11051612300,1900087965.52,2642657169.63,28068766725.61,7373980494.99,611295567689.29,547024375866.34,420061826880.58,136309617321.02,611295567689.29,474985950368.27,64271191822.95,54924123487.69,62581800228.48,75485642961.23,100183517822.33,NULL,52597854095.89,NULL
SZ000002,2016-03-31,万科A,一季报,2016-04-28,CNY,92043786892.46,1617864148.6,251086084757.51,21973577294.32,7839074507.05,637085221.42,NULL,NULL,5597816972.82,554959303.37,NULL,NULL,NULL,NULL,4783998227.42,201689835.8,NULL,1040902552.78,NULL,412887906188.58,11407392504.08,NULL,37995599067.23,39135986273.78,519881676.14,38112146704.96,52784761696.94,23689566708.41,103523301761.06,1617864148.6,11479514868.6,NULL,258656580.78,1358700000,NULL,NULL,5674282177.87,NULL,1383466188.1,141963321.8,42767157889.18,11039152001,3296994702.92,983041777.19,28068766725.61,3709312838.56,658837478395.54,589879618488.03,456898642513.12,138748883501.05,658837478395.54,520088594894.49,68957859907.51,63189952381.37,70610339967.47,78400394245.48,100636736796.09,NULL,53431086981.65,NULL
SZ000002,2016-06-30,万科A,中报,2016-08-22,CNY,106705559765.71,2262389058.87,278333161162.53,25382948489.41,8078755991.96,768597204.8,NULL,NULL,6183399675.64,549101094.39,83086895.57,NULL,NULL,NULL,5176313990.93,201689835.8,NULL,1113584513.9,NULL,427520274252.35,13373486450.11,NULL,42834214288.25,36787186210.4,598068662.4,40713320709.94,71867989238.43,NULL,115046485423.12,2262389058.87,8340925657.41,NULL,273077928.15,6240100000,NULL,NULL,6007218083.95,NULL,1436313932.02,109625917.06,46142823292.79,11039152001,2850966376.01,1068429262.31,28068766725.61,4357659741.01,712306691248.75,634896750332.29,509867467607.56,138174047997.91,712306691248.75,574132643250.84,77409940916.46,64265175643.28,81769398963.97,80780087594.28,97460727287.97,NULL,50000974641.25,NULL
SZ000002,2016-09-30,万科A,三季报,2016-10-28,CNY,118760360775.11,2504272008.33,312602984906.59,25403777895.91,8078546164.37,587100900.57,NULL,NULL,6639666624.25,542000919.63,7031021.95,2005525.7,NULL,NULL,5441606656.53,201689835.8,NULL,1101921585.35,NULL,446850412127.12,14004380058.43,NULL,52521014906.54,31680130309.94,744119661.91,43130051622.11,75187017626.78,24103112086.79,124112087747.12,2504272008.33,5351726972.01,NULL,305019404.77,3078300000,NULL,NULL,8174116998.92,NULL,1462883418.58,148989470.79,49397992003.96,11039152001,6836528049.17,906377585.75,28068766725.61,4926609937.46,755929647875.75,665296814347.39,553158284276.1,143533581584.8,755929647875.75,612396066290.95,90632833528.36,59237782014.85,79668578437.52,88271789559.25,100403529962.69,NULL,52912045666.94,NULL
SZ000002,2016-12-31,万科A,年报,2018-03-27,CNY,138047562476.06,2075256823.79,274645554496.88,29108375807.96,8268267782.15,765312561.26,NULL,NULL,7198532974.16,504048203.85,458671184.1,NULL,NULL,NULL,6810793073.58,201689835.8,NULL,1260363652.26,NULL,467361336133.57,21874424322.7,NULL,61701988409.62,56406061283.42,960226293.11,48231804558.35,87032118210.63,26773297333.75,141651401565.91,2075256823.79,3603839089.85,NULL,396309302.16,8670500000,NULL,NULL,7277440604.45,NULL,2861999502.12,118672382.72,50262540606.6,11039152001,16576589202.38,3839926643.43,32540767833.97,9553084094.38,830674213924.14,721295427853.28,579998485463.07,161676571281,830674213924.14,668997642643.14,109378786070.86,88999157180.07,106958632126.34,105435004894.59,113444766722.65,NULL,61200269803.37,NULL
SZ000002,2017-03-31,万科A,一季报,2017-04-28,CNY,123236723837.55,1734498135.38,327936096162.93,23438078526.95,8356852992.9,872911581.55,NULL,NULL,7965456326.68,526489339.12,67152082.6,NULL,NULL,NULL,6519353984.74,201689835.8,NULL,1212970324.35,NULL,491636691410.67,21727999303.17,NULL,63821190712.43,70239658980.94,1093367676.27,48014640075.88,90969143057.96,32483532746.18,125864808268.88,1734498135.38,2628084431.33,NULL,138922058.97,3640000000,NULL,NULL,8992156418.8,NULL,2817098656.43,112169512.32,60150857173.63,11039152001,15858622782.67,2688514172.69,32540767833.97,6770653969.12,886753515225.75,773242895555.83,627634003886.99,161986016323,886753515225.75,724767498902.75,113510619669.92,97133495015.76,116031775784.52,125044553695.59,113971376247.12,NULL,61895681360.28,NULL
SZ000002,2017-06-30,万科A,中报,2017-08-25,CNY,130957238033.04,1694829670.94,357931319353.33,23282917384.02,9207702991.7,864320354.3,NULL,NULL,7975825023.7,427998202.21,6405693.49,257906048.08,NULL,NULL,6832412236.06,201689835.8,9097757218.69,1439049643.9,NULL,496299054035.81,17323502248.36,NULL,65587362502.04,65736115024.77,1266498565.37,48517101249.16,107563206080.73,36720153703.94,133180056593.1,1694829670.94,2222818560.06,NULL,70968573.15,4008000000,NULL,NULL,11705326000.61,NULL,2396155725.72,141392035.9,68963254527.38,11039152001,13419638368.25,1639972180.5,32540767833.97,5520940564.73,929265916207.12,812234943094.67,676123581477.98,161157756356.52,929265916207.12,768108159850.6,117030973112.45,91984578372.62,127453594666.05,124602435867.63,112640655107.36,NULL,59782063707.54,NULL
SZ000002,2017-09-30,万科A,三季报,2017-10-27,CNY,135947346263.21,1302107882.27,407882270730.4,27058349371.01,9059156304.89,1044472976.76,NULL,NULL,8520343886.24,417861813.48,6405693.49,598983778.41,NULL,NULL,6857390560.1,201689835.8,7400422895.12,1412466458.4,NULL,550572755680.26,18981285895.2,NULL,66452452394.43,77146692450.34,1499145189.69,51352017269.22,94352631304.03,36925749237.22,138741347662.62,1302107882.27,2794001399.41,NULL,163857846.85,3063290000,NULL,NULL,9347236005.32,NULL,2423878245.6,168845067.08,105270074361.66,11039152001,17301123599.78,2568716977.19,32540767833.97,7543471786.53,1018381990533.1,899748874013.21,743441071722.2,167725291863.39,1018381990533.1,850656698669.71,118633116519.89,107215626947.51,131879407950.05,137781186196.38,116373274594.17,NULL,63570340607.46,NULL
SZ000002,2017-12-31,万科A,年报,2019-03-26,CNY,173439402739.67,1432734013.84,407705939864.83,32322671927.21,8329263089.01,1022410893.84,NULL,NULL,9651001968.26,265299666.71,12493711.4,1019940196.03,NULL,NULL,7098808083.4,206342883.92,6910171274.98,1437504847.54,NULL,598087657618.33,28811300333.55,NULL,81224305346.59,96029044735.04,2065975906.72,53998623864.96,174121009199.93,46163837744.75,176769585962.58,1432734013.84,3330183222.91,NULL,234977764.41,5423443819.92,NULL,NULL,14935685952.83,NULL,2540666010.15,159866431.34,68315556602.24,11039152001,16108858651.31,4930413960.98,35900071829.04,10774906265.56,1165346917804.55,1017552832148.3,847355429875.81,186673939158.29,1165346917804.55,978672978646.26,147794085656.25,131317548770.45,183881947229.77,163249765907.66,132675315293.33,NULL,77171850609.87,NULL
SZ000002,2018-03-31,万科A,一季报,2018-04-26,CNY,169803127143.56,1476427431.56,NULL,31652353113.61,8302056980.22,1043729307.07,3750608639.52,479359682376.78,10999800303.4,1031917751.33,18285428,1617580967.06,NULL,NULL,8867901817.59,197482292.29,6910171274.98,1538601989.51,NULL,630092963585.19,32424495434.68,NULL,83858454321.3,112558480685.57,2435675726.59,59152221128.42,94782314661.13,41110534477.74,173225515164.94,1476427431.56,3422388021.38,NULL,280424209.09,5248963500,NULL,749268649.28,15834104882.54,NULL,2580407539.2,150558588.68,83097864495.02,11039152001,7797540459.77,3505104156.75,35900071829.04,8846277572,1224264792316.36,1066315277592.11,880953672253.46,195337402384.51,1224264792316.36,1028927389931.85,157949514724.25,147973717678.39,165491437078.42,240937678576.71,136185181256.09,NULL,80663476236.74,NULL
SZ000002,2018-06-30,万科A,中报,2018-08-21,CNY,162324437434.72,1777811597.06,2377418598.24,37626703398.47,8603974893.53,990282700.01,1893090913.25,514285164795.91,12155313988.16,984977143.72,21080158,868057110.77,NULL,NULL,8876558070.03,209312914.63,6746307529.45,4663317222.95,NULL,638623464524.31,36635653818.34,NULL,111927373682.35,128294068302.69,3472841825.85,70891971286.66,159552055382.09,44306144978.08,165909607435.93,1777811597.06,3585170001.21,NULL,391877087.41,3557080236.56,3995650000,738339078.47,19837026035.47,854324054.06,2549834927.94,150178965.02,103019262358.73,11039152001,12676721876.33,2626376935.35,35900071829.04,6517696221.19,1345151635212.87,1144791291822.55,969761720752.31,205784151722.72,1345151635212.87,1139367483490.15,200360343390.32,169605762737.84,216198882800.51,229358097324.04,134892180436.06,243041799.06,78957104625.08,NULL
SZ000002,2018-09-30,万科A,三季报,2018-10-26,CNY,NULL,1733613348.73,276332856.86,42930925109.42,8874857195.24,1160984291.01,2492200568.43,553085615593.96,13254826957.37,894899449.4,39585151.37,500977301.93,NULL,NULL,11165368461.93,217480499.1,6818623587,5076777151.16,NULL,707892953932.25,43933822569.42,NULL,119013293766.27,125670064618.56,4187600690.01,75890353457.37,132765524738.71,52624321151.67,171060760182.8,1733613348.73,NULL,NULL,369403888.91,3527386172.58,11983710466.61,1876977607.21,18958921976.95,967749472.49,2535997136.24,161995259.83,121722971278.84,11039152001,21978134102.5,3072696977.33,35900071829.04,7788079132.89,1432222053278,1212408249835.08,1044136412108.32,215891759596.23,1432222053278,1216330293681.77,219813803442.92,172193881573.45,221765784341.77,235172872966.46,140001406138.86,242518090.71,83817921224.67,NULL
SZ000002,2018-12-31,万科A,年报,2020-03-18,CNY,227945928165.35,1586180764.1,253965141.13,47095145785.83,8005627653.57,1913007479.18,1364126797.84,504711414422.66,15749204673.5,538912419.39,10782930.4,631226970.86,NULL,NULL,11533798650.31,217109245.26,6624631369.45,4952584999.04,NULL,750302627438.8,54055784751.5,NULL,129527655772.47,120929055439.4,5044308633.85,79856598453.15,188417446836.14,70438245498.2,229597382102.63,1588739194.82,1651453937.28,2558430.72,-2398744899.34,14587657410.01,55592689788.42,1636583744.09,7825131133.04,1052331100.2,2338048204.19,143527842.81,75950895073.34,11039152001,10111677982.38,5770851836.95,47393246041.44,18730860802.2,1528579356474.81,1295071856292.37,1121913936785.61,235620729997.58,1528579356474.81,1292958626477.23,233507500182.44,171044689691.62,226075622240.18,244324142938.75,155764131544.43,11900806302.82,91724850747.76,NULL
SZ000002,2019-03-31,万科A,一季报,2019-04-30,CNY,NULL,1837707526.13,231382109.25,52611053711.54,7961988516.76,2197431278.48,1861885976.92,533088699905.52,18204961874.44,472851379.91,5970343.63,853118359.93,343359049.08,27203595.63,11522385919.22,211961192.02,6603734115.84,4866349731.34,26144.51,778577730519.17,56054976054.09,18392081008.8,129687586867.3,126147961226.81,5767590133.52,78637973228.47,143220416305.01,61560350802.89,214151858156.71,1841207526.13,NULL,3500000,-1688425133.08,14968502242.12,46354051407.85,1844511525.41,7689550075.48,1014482337.49,2188338605.44,136169609.08,100718039543.91,11039152001,8579429700,4440449681.52,47393246041.44,14334238035.53,1551166452530.9,1292727657466.24,1115028585017.42,236189411971.9,1551166452530.9,1314977040559,258438795064.66,199948455541.58,231435006858.22,243828513335.36,157551438743.43,1101657558.15,92845477317.31,19377008075.87
SZ000002,2019-06-30,万科A,中报,2019-08-21,CNY,224577811176.4,1864845191.86,620829665.1,53717170376.29,12200245794.88,4305214424.35,2415731473.41,566638882633.51,19806735934.9,400434957.86,66779246.14,NULL,NULL,NULL,12249699001.55,217604250.38,4678953550.14,4856392447.89,NULL,790460528627.41,68112371589.42,21311566481.21,126671468176.85,104952265434.86,5929977870.17,71450628353.43,143868825484.46,66055174701.74,225534622541.21,1884582112.8,956811364.81,19736920.94,-1633434661.41,18545004447.19,46235518760.58,2022192399.71,9179377383.88,1009445492,2305007123.39,160899461.8,104346275164.21,11302143001,4624880502.7,5494572222.57,47393246041.44,13804294671.9,1577056909941.26,1300127355362.9,1161742027298.39,232467538807.46,1577056909941.26,1344589371133.8,276929554578.36,182847343835.41,232733251599.08,233140895187.14,161016910454.03,719780070,91754710278.12,22569075607.26
SZ000002,2019-09-30,万科A,三季报,2019-10-25,CNY,241725306097,1931470367.45,695956799.04,48351104433.03,11931203219.65,4977710416.61,2919536405.44,587345959872.47,21582289998.91,335270953.67,653437523.64,NULL,NULL,NULL,12412259932.42,225499582.03,4647523420.68,4798235923.61,NULL,859851371020.23,72361431291.32,21014198477.04,126860647082.85,119448513861.11,6241033820.38,77578068122.18,107240246001.43,60556761540.03,242630685582.03,1947533286.55,905379485.03,16062919.1,-1506468255.71,20275260884.28,48100177939.15,2166961231.61,6384227855.57,977857867.63,2309781887.86,153187646.88,111140098547.57,11302143001,2273827654.02,4796906670.45,47393246041.44,16798645791.99,1638763217307.92,1358184750097.71,1202299264748.08,244851895300.25,1638763217307.92,1393911322007.67,280578467210.21,191612057259.59,239100342898.9,249302727155.84,167273827178.07,207015852.05,98153703171.69,21590312207.27
SZ000002,2019-12-31,万科A,年报,2021-03-31,CNY,267280865500.05,1988075737.67,770781495.16,49645512945.07,12384484513.99,4179839536.92,3444938025.74,577047227178.73,23427586089.92,282328350.36,332257520.78,NULL,NULL,NULL,12399838267.28,220920784.68,4252754905.02,5269647193.3,NULL,897019035609.52,73564678069.11,21277365792.32,130475768323.53,114319778454.74,7235202389.07,82520623500.14,166194595726.42,80646217975.53,268222145190.73,2017045785.5,941279690.68,28970047.83,-1806426631.62,20732622761.28,47854227137.67,2249953722.9,9107319581.09,673982298.05,1065436144.05,149629291.04,97795831444.26,11302143001,15365231785.08,6896261420.24,70826254100.68,25109731106.59,1729929450401.23,1438989354552.98,1272610284010.69,270579115412.96,1729929450401.23,1459350334988.27,290940095848.25,186740050977.58,250698460720.96,235465007349.8,188058491912.82,11735265424.66,95352036928.77,22135359592.4
SZ000002,2020-03-31,万科A,一季报,2020-04-28,CNY,249377588887.39,2627512620.48,584483362.22,49794295396.55,12339770796.83,4242293008.21,4566075284.12,595025882471.35,24605903926.59,308137736.62,701179785.08,NULL,420402399.62,18924953.07,12046413875.77,225103577.94,4207228129.38,5294569336.25,12406963.31,905774519763.68,72700790405.77,21298493889.7,130241082527.96,127694157761.24,7191606983.11,85447262529.29,173271604090.63,77033356884.94,250001909774,2687752701.98,624320886.61,60240081.5,-2405700257.58,20366135047.86,49926983901.62,1526197598.76,9451300241.21,579768084.42,1019106858.42,184498469.75,106806262778.62,11302143001,15243912310.8,5173105930.29,70826254100.68,23937614434,1739794796342.85,1449790966626.68,1265384979818.62,274111126411.95,1739794796342.85,1465683669930.9,290003829716.17,200298690112.28,248457730749.4,228998259812.44,188663863882.66,2411949232.89,96601396241.73,21898800150.18
SZ000002,2020-06-30,万科A,中报,2020-08-28,CNY,265547564273.11,2640266479.94,840365837.57,54185247690.28,19253308531.95,2967070512.5,5051654668.02,615070119120.78,25884208735.4,248165604.44,925446030.04,755745,NULL,NULL,11903845502.29,224336320,3822233991.7,5311318171.58,NULL,932108410170.2,80216248628.47,21395616273.02,128191645086.43,121975894496.76,8446473068.06,95638361604.72,194291462920.23,80296693335.75,266049347220.21,2693828274.08,501782947.1,53561794.14,-2128366436.36,21912320726.76,51772136546.79,1569368802.52,9317055293.27,686599823.63,1020773677.73,165438313.87,108352392918.95,11617732201,19089080837.1,5996257082.22,70826254100.68,22771233258.51,1806186613769.1,1509594566656.84,1315939370661.79,291256107051.21,1806186613769.1,1514930506717.89,296592047112.26,198991136056.1,254053381677.86,233879954681.16,195617745446.49,6556862275.7,96048817049.22,21873877168.11
SZ000002,2020-09-30,万科A,三季报,2020-10-30,CNY,272611229009.56,2678718615.29,837181549.13,49842405556.23,18756659496.89,2047764911.09,5652083133.07,640625732856.82,27270376854.34,267396534.89,492245041.72,488766.22,528930089.31,19422475.8,12691995618.35,215252976.06,1570345984.25,5220902092.22,19029755.06,955712807568.24,80703896860.62,21373302784.63,134633748565.48,121578169647.52,8825648614.69,99967407589.13,173050032088.35,68311597275.03,273177430087.02,2700534486.19,566201077.46,21815870.9,-1929765687.73,24335454610.78,54339665094.21,1441769889.44,14386736913.16,1421742371.8,1049658485.4,173299251.27,71528940927.72,11617732201,19613829435.11,5038348222.59,70826254100.68,22991360729.04,1814465741941.72,1503850304031.17,1317539097359.36,302642412322.42,1814465741941.72,1511823329619.3,310615437910.55,194284232259.94,232603463344.19,268580832349.92,202675004733.29,227027840.93,103404124622.45,21755602243.3
SZ000002,2020-12-31,万科A,年报,2021-04-23,CNY,295684502351.66,2992423302.26,912230827.79,43576223200.25,18554497034.24,3236850338.38,6162549680.11,630747210801.94,27535430502.86,231470922.38,14760989.89,336153690.52,319037650.64,19294640.06,12577342742.17,206342883.92,6334727583.46,6087781315.58,26555602.32,1002063008153.13,79954139029.2,24589945695.98,141895190255.76,132036783089.92,8947760570.31,125333520594.13,195230723369.88,60461863986.86,296291615178.94,3002085736.05,607112827.28,9662433.79,-1544373020.86,22662676635.96,53986260461.07,1601237167.11,13840079267.94,697759464.58,1190177426.9,215331457.12,62247503823.48,11617732201,25111536842.11,7850940564.17,97466324513.51,29036523037.88,1869177094005.55,1547387061234.69,1317492688869.78,349844473343.22,1869177094005.55,1519332620662.33,321790032770.86,201839931792.55,212758353478.5,249498545525.5,224510952749.09,170479737.23,98416772021.2,25210119233.05
SZ000002,2021-03-31,万科A,一季报,2021-04-23,CNY,289906661003.01,3323921628.08,937949121.75,46859671312.19,18445935309.49,3264992858.56,6534113320.29,681537835148.85,29001154760.11,230670811.42,38739102.01,254139826,319039800.17,19299256.12,12416157032.66,208298154.14,6326926131.39,6160643196.1,41573196.59,1020764051236.3,79661045185,24443945010.29,142365067549.16,132578939736.12,9315021097.05,129724336016.63,196598638704.05,61789058835.03,290346246457.27,3365373066.45,439585454.26,41451438.37,-1531381458.7,24120486821.04,58498680227.57,1664168653.4,13902980511.31,696109639.97,1177295308.49,217892076.59,71544041969.17,11617732201,13608534180.34,6274239754.46,97466324513.51,25488934261.21,1907860492718.95,1584331740125.63,1346920073596.38,355432004867.47,1907860492718.95,1552428487851.48,323528752593.32,205508414255.1,208184455783.9,254903138344.88,225707668850.84,136231430.05,99709058285.54,24873113955.86
