ts_code,companytype
SZ000001,3
SZ000002,4
SZ000004,4
SZ000005,4
SZ000006,4
SZ000007,4
SZ000008,4
SZ000009,4
SZ000010,4
SZ000011,4
SZ000012,4
SZ000014,4
SZ000016,4
SZ000017,4
SZ000019,4
SZ000020,4
SZ000021,4
SZ000023,4
SZ000025,4
SZ000026,4
SZ000027,4
SZ000028,4
SZ000029,4
SZ000030,4
SZ000031,4
SZ000032,4
SZ000034,4
SZ000035,4
SZ000036,4
SZ000037,4
SZ000038,4
SZ000039,4
SZ000040,4
SZ000042,4
SZ000045,4
SZ000046,4
SZ000048,4
SZ000049,4
SZ000050,4
SZ000055,4
SZ000056,4
SZ000058,4
SZ000059,4
SZ000060,4
SZ000061,4
SZ000062,4
SZ000063,4
SZ000065,4
SZ000066,4
SZ000068,4
SZ000069,4
SZ000070,4
SZ000078,4
SZ000088,4
SZ000089,4
SZ000090,4
SZ000096,4
SZ000099,4
SZ000100,4
SZ000150,4
SZ000151,4
SZ000153,4
SZ000155,4
SZ000156,4
SZ000157,4
SZ000158,4
SZ000159,4
SZ000166,1
SZ000301,4
SZ000333,4
SZ000338,4
SZ000400,4
SZ000401,4
SZ000402,4
SZ000403,4
SZ000404,4
SZ000407,4
SZ000408,4
SZ000409,4
SZ000410,4
SZ000411,4
SZ000413,4
SZ000415,4
SZ000416,4
SZ000417,4
SZ000419,4
SZ000420,4
SZ000421,4
SZ000422,4
SZ000423,4
SZ000425,4
SZ000426,4
SZ000428,4
SZ000429,4
SZ000430,4
SZ000488,4
SZ000498,4
SZ000501,4
SZ000502,4
SZ000503,4
SZ000504,4
SZ000505,4
SZ000506,4
SZ000507,4
SZ000509,4
SZ000510,4
SZ000513,4
SZ000514,4
SZ000516,4
SZ000517,4
SZ000518,4
SZ000519,4
SZ000520,4
SZ000521,4
SZ000523,4
SZ000524,4
SZ000525,4
SZ000526,4
SZ000528,4
SZ000529,4
SZ000530,4
SZ000531,4
SZ000532,4
SZ000533,4
SZ000534,4
SZ000536,4
SZ000537,4
SZ000538,4
SZ000539,4
SZ000540,4
SZ000541,4
SZ000543,4
SZ000544,4
SZ000545,4
SZ000546,4
SZ000547,4
SZ000548,4
SZ000550,4
SZ000551,4
SZ000552,4
SZ000553,4
SZ000554,4
SZ000555,4
SZ000557,4
SZ000558,4
SZ000559,4
SZ000560,4
SZ000561,4
SZ000563,3
SZ000564,4
SZ000565,4
SZ000566,4
SZ000567,4
SZ000568,4
SZ000570,4
SZ000571,4
SZ000572,4
SZ000573,4
SZ000576,4
SZ000581,4
SZ000582,4
SZ000584,4
SZ000585,4
SZ000586,4
SZ000587,4
SZ000589,4
SZ000590,4
SZ000591,4
SZ000592,4
SZ000593,4
SZ000595,4
SZ000596,4
SZ000597,4
SZ000598,4
SZ000599,4
SZ000600,4
SZ000601,4
SZ000603,4
SZ000605,4
SZ000606,4
SZ000607,4
SZ000608,4
SZ000609,4
SZ000610,4
SZ000611,4
SZ000612,4
SZ000613,4
SZ000615,4
SZ000616,4
SZ000617,4
SZ000619,4
SZ000620,4
SZ000622,4
SZ000623,4
SZ000625,4
SZ000626,4
SZ000627,2
SZ000628,4
SZ000629,4
SZ000630,4
SZ000631,4
SZ000632,4
SZ000633,4
SZ000635,4
SZ000636,4
SZ000637,4
SZ000638,4
SZ000639,4
SZ000650,4
SZ000651,4
SZ000652,4
SZ000655,4
SZ000656,4
SZ000657,4
SZ000659,4
SZ000661,4
SZ000662,4
SZ000663,4
SZ000665,4
SZ000666,4
SZ000667,4
SZ000668,4
SZ000669,4
SZ000671,4
SZ000672,4
SZ000673,4
SZ000676,4
SZ000677,4
SZ000678,4
SZ000679,4
SZ000680,4
SZ000681,4
SZ000682,4
SZ000683,4
SZ000685,4
SZ000686,1
SZ000687,4
SZ000688,4
SZ000690,4
SZ000691,4
SZ000692,4
SZ000695,4
SZ000697,4
SZ000698,4
SZ000700,4
SZ000701,4
SZ000702,4
SZ000703,4
SZ000705,4
SZ000707,4
SZ000708,4
SZ000709,4
SZ000710,4
SZ000711,4
SZ000712,1
SZ000713,4
SZ000715,4
SZ000716,4
SZ000717,4
SZ000718,4
SZ000719,4
SZ000720,4
SZ000721,4
SZ000722,4
SZ000723,4
SZ000725,4
SZ000726,4
SZ000727,4
SZ000728,1
SZ000729,4
SZ000731,4
SZ000732,4
SZ000733,4
SZ000735,4
SZ000736,4
SZ000737,4
SZ000738,4
SZ000739,4
SZ000750,1
SZ000751,4
SZ000752,4
SZ000753,4
SZ000755,4
SZ000756,4
SZ000757,4
SZ000758,4
SZ000759,4
SZ000761,4
SZ000762,4
SZ000766,4
SZ000767,4
SZ000768,4
SZ000776,1
SZ000777,4
SZ000778,4
SZ000779,4
SZ000780,4
SZ000782,4
SZ000783,1
SZ000785,4
SZ000786,4
SZ000788,4
SZ000789,4
SZ000790,4
SZ000791,4
SZ000793,4
SZ000795,4
SZ000796,4
SZ000797,4
SZ000798,4
SZ000799,4
SZ000800,4
SZ000801,4
SZ000802,4
SZ000803,4
SZ000806,4
SZ000807,4
SZ000809,4
SZ000810,4
SZ000811,4
SZ000812,4
SZ000813,4
SZ000815,4
SZ000816,4
SZ000818,4
SZ000819,4
SZ000820,4
SZ000821,4
SZ000822,4
SZ000823,4
SZ000825,4
SZ000826,4
SZ000828,4
SZ000829,4
SZ000830,4
SZ000831,4
SZ000833,4
SZ000835,4
SZ000836,4
SZ000837,4
SZ000838,4
SZ000839,4
SZ000848,4
SZ000850,4
SZ000851,4
SZ000852,4
SZ000856,4
SZ000858,4
SZ000859,4
SZ000860,4
SZ000861,4
SZ000862,4
SZ000863,4
SZ000868,4
SZ000869,4
SZ000875,4
SZ000876,4
SZ000877,4
SZ000878,4
SZ000880,4
SZ000881,4
SZ000882,4
SZ000883,4
SZ000885,4
SZ000886,4
SZ000887,4
SZ000888,4
SZ000889,4
SZ000890,4
SZ000892,4
SZ000893,4
SZ000895,4
SZ000897,4
SZ000898,4
SZ000899,4
SZ000900,4
SZ000901,4
SZ000902,4
SZ000903,4
SZ000905,4
SZ000906,4
SZ000908,4
SZ000909,4
SZ000910,4
SZ000911,4
SZ000912,4
SZ000913,4
SZ000915,4
SZ000917,4
SZ000918,4
SZ000919,4
SZ000920,4
SZ000921,4
SZ000922,4
SZ000923,4
SZ000925,4
SZ000926,4
SZ000927,4
SZ000928,4
SZ000929,4
SZ000930,4
SZ000931,4
SZ000932,4
SZ000933,4
SZ000935,4
SZ000936,4
SZ000937,4
SZ000938,4
SZ000948,4
SZ000949,4
SZ000950,4
SZ000951,4
SZ000952,4
SZ000953,4
SZ000955,4
SZ000957,4
SZ000958,4
SZ000959,4
SZ000960,4
SZ000961,4
SZ000962,4
SZ000963,4
SZ000965,4
SZ000966,4
SZ000967,4
SZ000968,4
SZ000969,4
SZ000970,4
SZ000971,4
SZ000972,4
SZ000973,4
SZ000975,4
SZ000976,4
SZ000977,4
SZ000978,4
SZ000980,4
SZ000981,4
SZ000982,4
SZ000983,4
SZ000985,4
SZ000987,1
SZ000988,4
SZ000989,4
SZ000990,4
SZ000993,4
SZ000995,4
SZ000996,4
SZ000997,4
SZ000998,4
SZ000999,4
SZ001696,4
SZ001872,4
SZ001896,4
SZ001914,4
SZ001965,4
SZ001979,4
SZ002001,4
SZ002002,4
SZ002003,4
SZ002004,4
SZ002005,4
SZ002006,4
SZ002007,4
SZ002008,4
SZ002009,4
SZ002010,4
SZ002011,4
SZ002012,4
SZ002013,4
SZ002014,4
SZ002015,4
SZ002016,4
SZ002017,4
SZ002019,4
SZ002020,4
SZ002021,4
SZ002022,4
SZ002023,4
SZ002024,4
SZ002025,4
SZ002026,4
SZ002027,4
SZ002028,4
SZ002029,4
SZ002030,4
SZ002031,4
SZ002032,4
SZ002033,4
SZ002034,4
SZ002035,4
SZ002036,4
SZ002037,4
SZ002038,4
SZ002039,4
SZ002040,4
SZ002041,4
SZ002042,4
SZ002043,4
SZ002044,4
SZ002045,4
SZ002046,4
SZ002047,4
SZ002048,4
SZ002049,4
SZ002050,4
SZ002051,4
SZ002052,4
SZ002053,4
SZ002054,4
SZ002055,4
SZ002056,4
SZ002057,4
SZ002058,4
SZ002059,4
SZ002060,4
SZ002061,4
SZ002062,4
SZ002063,4
SZ002064,4
SZ002065,4
SZ002066,4
SZ002067,4
SZ002068,4
SZ002069,4
SZ002071,4
SZ002072,4
SZ002073,4
SZ002074,4
SZ002075,4
SZ002076,4
SZ002077,4
SZ002078,4
SZ002079,4
SZ002080,4
SZ002081,4
SZ002082,4
SZ002083,4
SZ002084,4
SZ002085,4
SZ002086,4
SZ002087,4
SZ002088,4
SZ002089,4
SZ002090,4
SZ002091,4
SZ002092,4
SZ002093,4
SZ002094,4
SZ002095,4
SZ002096,4
SZ002097,4
SZ002098,4
SZ002099,4
SZ002100,4
SZ002101,4
SZ002102,4
SZ002103,4
SZ002104,4
SZ002105,4
SZ002106,4
SZ002107,4
SZ002108,4
SZ002109,4
SZ002110,4
SZ002111,4
SZ002112,4
SZ002113,4
SZ002114,4
SZ002115,4
SZ002116,4
SZ002117,4
SZ002118,4
SZ002119,4
SZ002120,4
SZ002121,4
SZ002122,4
SZ002123,4
SZ002124,4
SZ002125,4
SZ002126,4
SZ002127,4
SZ002128,4
SZ002129,4
SZ002130,4
SZ002131,4
SZ002132,4
SZ002133,4
SZ002134,4
SZ002135,4
SZ002136,4
SZ002137,4
SZ002138,4
SZ002139,4
SZ002140,4
SZ002141,4
SZ002142,3
SZ002144,4
SZ002145,4
SZ002146,4
SZ002147,4
SZ002148,4
SZ002149,4
SZ002150,4
SZ002151,4
SZ002152,4
SZ002153,4
SZ002154,4
SZ002155,4
SZ002156,4
SZ002157,4
SZ002158,4
SZ002159,4
SZ002160,4
SZ002161,4
SZ002162,4
SZ002163,4
SZ002164,4
SZ002165,4
SZ002166,4
SZ002167,4
SZ002168,4
SZ002169,4
SZ002170,4
SZ002171,4
SZ002172,4
SZ002173,4
SZ002174,4
SZ002175,4
SZ002176,4
SZ002177,4
SZ002178,4
SZ002179,4
SZ002180,4
SZ002181,4
SZ002182,4
SZ002183,4
SZ002184,4
SZ002185,4
SZ002186,4
SZ002187,4
SZ002188,4
SZ002189,4
SZ002190,4
SZ002191,4
SZ002192,4
SZ002193,4
SZ002194,4
SZ002195,4
SZ002196,4
SZ002197,4
SZ002198,4
SZ002199,4
SZ002200,4
SZ002201,4
SZ002202,4
SZ002203,4
SZ002204,4
SZ002205,4
SZ002206,4
SZ002207,4
SZ002208,4
SZ002209,4
SZ002210,4
SZ002211,4
SZ002212,4
SZ002213,4
SZ002214,4
SZ002215,4
SZ002216,4
SZ002217,4
SZ002218,4
SZ002219,4
SZ002221,4
SZ002222,4
SZ002223,4
SZ002224,4
SZ002225,4
SZ002226,4
SZ002227,4
SZ002228,4
SZ002229,4
SZ002230,4
SZ002231,4
SZ002232,4
SZ002233,4
SZ002234,4
SZ002235,4
SZ002236,4
SZ002237,4
SZ002238,4
SZ002239,4
SZ002240,4
SZ002241,4
SZ002242,4
SZ002243,4
SZ002244,4
SZ002245,4
SZ002246,4
SZ002247,4
SZ002248,4
SZ002249,4
SZ002250,4
SZ002251,4
SZ002252,4
SZ002253,4
SZ002254,4
SZ002255,4
SZ002256,4
SZ002258,4
SZ002259,4
SZ002261,4
SZ002262,4
SZ002263,4
SZ002264,4
SZ002265,4
SZ002266,4
SZ002267,4
SZ002268,4
SZ002269,4
SZ002270,4
SZ002271,4
SZ002272,4
SZ002273,4
SZ002274,4
SZ002275,4
SZ002276,4
SZ002277,4
SZ002278,4
SZ002279,4
SZ002280,4
SZ002281,4
SZ002282,4
SZ002283,4
SZ002284,4
SZ002285,4
SZ002286,4
SZ002287,4
SZ002288,4
SZ002289,4
SZ002290,4
SZ002291,4
SZ002292,4
SZ002293,4
SZ002294,4
SZ002295,4
SZ002296,4
SZ002297,4
SZ002298,4
SZ002299,4
SZ002300,4
SZ002301,4
SZ002302,4
SZ002303,4
SZ002304,4
SZ002305,4
SZ002306,4
SZ002307,4
SZ002308,4
SZ002309,4
SZ002310,4
SZ002311,4
SZ002312,4
SZ002313,4
SZ002314,4
SZ002315,4
SZ002316,4
SZ002317,4
SZ002318,4
SZ002319,4
SZ002320,4
SZ002321,4
SZ002322,4
SZ002323,4
SZ002324,4
SZ002325,4
SZ002326,4
SZ002327,4
SZ002328,4
SZ002329,4
SZ002330,4
SZ002331,4
SZ002332,4
SZ002333,4
SZ002334,4
SZ002335,4
SZ002336,4
SZ002337,4
SZ002338,4
SZ002339,4
SZ002340,4
SZ002341,4
SZ002342,4
SZ002343,4
SZ002344,4
SZ002345,4
SZ002346,4
SZ002347,4
SZ002348,4
SZ002349,4
SZ002350,4
SZ002351,4
SZ002352,4
SZ002353,4
SZ002354,4
SZ002355,4
SZ002356,4
SZ002357,4
SZ002358,4
SZ002360,4
SZ002361,4
SZ002362,4
SZ002363,4
SZ002364,4
SZ002365,4
SZ002366,4
SZ002367,4
SZ002368,4
SZ002369,4
SZ002370,4
SZ002371,4
SZ002372,4
SZ002373,4
SZ002374,4
SZ002375,4
SZ002376,4
SZ002377,4
SZ002378,4
SZ002379,4
SZ002380,4
SZ002381,4
SZ002382,4
SZ002383,4
SZ002384,4
SZ002385,4
SZ002386,4
SZ002387,4
SZ002388,4
SZ002389,4
SZ002390,4
SZ002391,4
SZ002392,4
SZ002393,4
SZ002394,4
SZ002395,4
SZ002396,4
SZ002397,4
SZ002398,4
SZ002399,4
SZ002400,4
SZ002401,4
SZ002402,4
SZ002403,4
SZ002404,4
SZ002405,4
SZ002406,4
SZ002407,4
SZ002408,4
SZ002409,4
SZ002410,4
SZ002411,4
SZ002412,4
SZ002413,4
SZ002414,4
SZ002415,4
SZ002416,4
SZ002417,4
SZ002418,4
SZ002419,4
SZ002420,4
SZ002421,4
SZ002422,4
SZ002423,4
SZ002424,4
SZ002425,4
SZ002426,4
SZ002427,4
SZ002428,4
SZ002429,4
SZ002430,4
SZ002431,4
SZ002432,4
SZ002433,4
SZ002434,4
SZ002435,4
SZ002436,4
SZ002437,4
SZ002438,4
SZ002439,4
SZ002440,4
SZ002441,4
SZ002442,4
SZ002443,4
SZ002444,4
SZ002445,4
SZ002446,4
SZ002447,4
SZ002448,4
SZ002449,4
SZ002451,4
SZ002452,4
SZ002453,4
SZ002454,4
SZ002455,4
SZ002456,4
SZ002457,4
SZ002458,4
SZ002459,4
SZ002460,4
SZ002461,4
SZ002462,4
SZ002463,4
SZ002464,4
SZ002465,4
SZ002466,4
SZ002467,4
SZ002468,4
SZ002469,4
SZ002470,4
SZ002471,4
SZ002472,4
SZ002473,4
SZ002474,4
SZ002475,4
SZ002476,4
SZ002478,4
SZ002479,4
SZ002480,4
SZ002481,4
SZ002482,4
SZ002483,4
SZ002484,4
SZ002485,4
SZ002486,4
SZ002487,4
SZ002488,4
SZ002489,4
SZ002490,4
SZ002491,4
SZ002492,4
SZ002493,4
SZ002494,4
SZ002495,4
SZ002496,4
SZ002497,4
SZ002498,4
SZ002499,4
SZ002500,1
SZ002501,4
SZ002502,4
SZ002503,4
SZ002504,4
SZ002505,4
SZ002506,4
SZ002507,4
SZ002508,4
SZ002510,4
SZ002511,4
SZ002512,4
SZ002513,4
SZ002514,4
SZ002515,4
SZ002516,4
SZ002517,4
SZ002518,4
SZ002519,4
SZ002520,4
SZ002521,4
SZ002522,4
SZ002523,4
SZ002524,4
SZ002526,4
SZ002527,4
SZ002528,4
SZ002529,4
SZ002530,4
SZ002531,4
SZ002532,4
SZ002533,4
SZ002534,4
SZ002535,4
SZ002536,4
SZ002537,4
SZ002538,4
SZ002539,4
SZ002540,4
SZ002541,4
SZ002542,4
SZ002543,4
SZ002544,4
SZ002545,4
SZ002546,4
SZ002547,4
SZ002548,4
SZ002549,4
SZ002550,4
SZ002551,4
SZ002552,4
SZ002553,4
SZ002554,4
SZ002555,4
SZ002556,4
SZ002557,4
SZ002558,4
SZ002559,4
SZ002560,4
SZ002561,4
SZ002562,4
SZ002563,4
SZ002564,4
SZ002565,4
SZ002566,4
SZ002567,4
SZ002568,4
SZ002569,4
SZ002570,4
SZ002571,4
SZ002572,4
SZ002573,4
SZ002574,4
SZ002575,4
SZ002576,4
SZ002577,4
SZ002578,4
SZ002579,4
SZ002580,4
SZ002581,4
SZ002582,4
SZ002583,4
SZ002584,4
SZ002585,4
SZ002586,4
SZ002587,4
SZ002588,4
SZ002589,4
SZ002590,4
SZ002591,4
SZ002592,4
SZ002593,4
SZ002594,4
SZ002595,4
SZ002596,4
SZ002597,4
SZ002598,4
SZ002599,4
SZ002600,4
SZ002601,4
SZ002602,4
SZ002603,4
SZ002605,4
SZ002606,4
SZ002607,4
SZ002608,4
SZ002609,4
SZ002610,4
SZ002611,4
SZ002612,4
SZ002613,4
SZ002614,4
SZ002615,4
SZ002616,4
SZ002617,4
SZ002618,4
SZ002619,4
SZ002620,4
SZ002621,4
SZ002622,4
SZ002623,4
SZ002624,4
SZ002625,4
SZ002626,4
SZ002627,4
SZ002628,4
SZ002629,4
SZ002630,4
SZ002631,4
SZ002632,4
SZ002633,4
SZ002634,4
SZ002635,4
SZ002636,4
SZ002637,4
SZ002638,4
SZ002639,4
SZ002640,4
SZ002641,4
SZ002642,4
SZ002643,4
SZ002644,4
SZ002645,4
SZ002646,4
SZ002647,4
SZ002648,4
SZ002649,4
SZ002650,4
SZ002651,4
SZ002652,4
SZ002653,4
SZ002654,4
SZ002655,4
SZ002656,4
SZ002657,4
SZ002658,4
SZ002659,4
SZ002660,4
SZ002661,4
SZ002662,4
SZ002663,4
SZ002664,4
SZ002665,4
SZ002666,4
SZ002667,4
SZ002668,4
SZ002669,4
SZ002670,1
SZ002671,4
SZ002672,4
SZ002673,1
SZ002674,4
SZ002675,4
SZ002676,4
SZ002677,4
SZ002678,4
SZ002679,4
SZ002681,4
SZ002682,4
SZ002683,4
SZ002684,4
SZ002685,4
SZ002686,4
SZ002687,4
SZ002688,4
SZ002689,4
SZ002690,4
SZ002691,4
SZ002692,4
SZ002693,4
SZ002694,4
SZ002695,4
SZ002696,4
SZ002697,4
SZ002698,4
SZ002699,4
SZ002700,4
SZ002701,4
SZ002702,4
SZ002703,4
SZ002705,4
SZ002706,4
SZ002707,4
SZ002708,4
SZ002709,4
SZ002712,4
SZ002713,4
SZ002714,4
SZ002715,4
SZ002716,4
SZ002717,4
SZ002718,4
SZ002719,4
SZ002721,4
SZ002722,4
SZ002723,4
SZ002724,4
SZ002725,4
SZ002726,4
SZ002727,4
SZ002728,4
SZ002729,4
SZ002730,4
SZ002731,4
SZ002732,4
SZ002733,4
SZ002734,4
SZ002735,4
SZ002736,1
SZ002737,4
SZ002738,4
SZ002739,4
SZ002740,4
SZ002741,4
SZ002742,4
SZ002743,4
SZ002745,4
SZ002746,4
SZ002747,4
SZ002748,4
SZ002749,4
SZ002750,4
SZ002751,4
SZ002752,4
SZ002753,4
SZ002755,4
SZ002756,4
SZ002757,4
SZ002758,4
SZ002759,4
SZ002760,4
SZ002761,4
SZ002762,4
SZ002763,4
SZ002765,4
SZ002766,4
SZ002767,4
SZ002768,4
SZ002769,4
SZ002770,4
SZ002771,4
SZ002772,4
SZ002773,4
SZ002774,4
SZ002775,4
SZ002776,4
SZ002777,4
SZ002778,4
SZ002779,4
SZ002780,4
SZ002781,4
SZ002782,4
SZ002783,4
SZ002785,4
SZ002786,4
SZ002787,4
SZ002788,4
SZ002789,4
SZ002790,4
SZ002791,4
SZ002792,4
SZ002793,4
SZ002795,4
SZ002796,4
SZ002797,1
SZ002798,4
SZ002799,4
SZ002800,4
SZ002801,4
SZ002802,4
SZ002803,4
SZ002805,4
SZ002806,4
SZ002807,3
SZ002808,4
SZ002809,4
SZ002810,4
SZ002811,4
SZ002812,4
SZ002813,4
SZ002815,4
SZ002816,4
SZ002817,4
SZ002818,4
SZ002819,4
SZ002820,4
SZ002821,4
SZ002822,4
SZ002823,4
SZ002824,4
SZ002825,4
SZ002826,4
SZ002827,4
SZ002828,4
SZ002829,4
SZ002830,4
SZ002831,4
SZ002832,4
SZ002833,4
SZ002835,4
SZ002836,4
SZ002837,4
SZ002838,4
SZ002839,3
SZ002840,4
SZ002841,4
SZ002842,4
SZ002843,4
SZ002845,4
SZ002846,4
SZ002847,4
SZ002848,4
SZ002849,4
SZ002850,4
SZ002851,4
SZ002852,4
SZ002853,4
SZ002855,4
SZ002856,4
SZ002857,4
SZ002858,4
SZ002859,4
SZ002860,4
SZ002861,4
SZ002862,4
SZ002863,4
SZ002864,4
SZ002865,4
SZ002866,4
SZ002867,4
SZ002868,4
SZ002869,4
SZ002870,4
SZ002871,4
SZ002872,4
SZ002873,4
SZ002875,4
SZ002876,4
SZ002877,4
SZ002878,4
SZ002879,4
SZ002880,4
SZ002881,4
SZ002882,4
SZ002883,4
SZ002884,4
SZ002885,4
SZ002886,4
SZ002887,4
SZ002888,4
SZ002889,4
SZ002890,4
SZ002891,4
SZ002892,4
SZ002893,4
SZ002895,4
SZ002896,4
SZ002897,4
SZ002898,4
SZ002899,4
SZ002900,4
SZ002901,4
SZ002902,4
SZ002903,4
SZ002905,4
SZ002906,4
SZ002907,4
SZ002908,4
SZ002909,4
SZ002910,4
SZ002911,4
SZ002912,4
SZ002913,4
SZ002915,4
SZ002916,4
SZ002917,4
SZ002918,4
SZ002919,4
SZ002920,4
SZ002921,4
SZ002922,4
SZ002923,4
SZ002925,4
SZ002926,1
SZ002927,4
SZ002928,4
SZ002929,4
SZ002930,4
SZ002931,4
SZ002932,4
SZ002933,4
SZ002935,4
SZ002936,3
SZ002937,4
SZ002938,4
SZ002939,1
SZ002940,4
SZ002941,4
SZ002942,4
SZ002943,4
SZ002945,1
SZ002946,4
SZ002947,4
SZ002948,3
SZ002949,4
SZ002950,4
SZ002951,4
SZ002952,4
SZ002953,4
SZ002955,4
SZ002956,4
SZ002957,4
SZ002958,3
SZ002959,4
SZ002960,4
SZ002961,1
SZ002962,4
SZ002963,4
SZ002965,4
SZ002966,3
SZ002967,4
SZ002968,4
SZ002969,4
SZ002970,4
SZ002971,4
SZ002972,4
SZ002973,4
SZ002975,4
SZ002976,4
SZ002977,4
SZ002978,4
SZ002979,4
SZ002980,4
SZ002981,4
SZ002982,4
SZ002983,4
SZ002984,4
SZ002985,4
SZ002986,4
SZ002987,4
SZ002988,4
SZ002989,4
SZ002990,4
SZ002991,4
SZ002992,4
SZ002993,4
SZ002995,4
SZ002996,4
SZ002997,4
SZ002998,4
SZ002999,4
SZ003000,4
SZ003001,4
SZ003002,4
SZ003003,4
SZ003004,4
SZ003005,4
SZ003006,4
SZ003007,4
SZ003008,4
SZ003009,4
SZ003010,4
SZ003011,4
SZ003012,4
SZ003013,4
SZ003015,4
SZ003016,4
SZ003017,4
SZ003018,4
SZ003019,4
SZ003020,4
SZ003021,4
SZ003022,4
SZ003023,4
SZ003025,4
SZ003026,4
SZ003027,4
SZ003028,4
SZ003029,4
SZ003030,4
SZ003031,4
SZ003032,4
SZ003033,4
SZ003035,4
SZ003036,4
SZ003037,4
SZ003038,4
SZ003816,4
SZ300001,4
SZ300002,4
SZ300003,4
SZ300004,4
SZ300005,4
SZ300006,4
SZ300007,4
SZ300008,4
SZ300009,4
SZ300010,4
SZ300011,4
SZ300012,4
SZ300013,4
SZ300014,4
SZ300015,4
SZ300016,4
SZ300017,4
SZ300018,4
SZ300019,4
SZ300020,4
SZ300021,4
SZ300022,4
SZ300023,4
SZ300024,4
SZ300025,4
SZ300026,4
SZ300027,4
SZ300029,4
SZ300030,4
SZ300031,4
SZ300032,4
SZ300033,4
SZ300034,4
SZ300035,4
SZ300036,4
SZ300037,4
SZ300038,4
SZ300039,4
SZ300040,4
SZ300041,4
SZ300042,4
SZ300043,4
SZ300044,4
SZ300045,4
SZ300046,4
SZ300047,4
SZ300048,4
SZ300049,4
SZ300050,4
SZ300051,4
SZ300052,4
SZ300053,4
SZ300054,4
SZ300055,4
SZ300056,4
SZ300057,4
SZ300058,4
SZ300059,4
SZ300061,4
SZ300062,4
SZ300063,4
SZ300064,4
SZ300065,4
SZ300066,4
SZ300067,4
SZ300068,4
SZ300069,4
SZ300070,4
SZ300071,4
SZ300072,4
SZ300073,4
SZ300074,4
SZ300075,4
SZ300076,4
SZ300077,4
SZ300078,4
SZ300079,4
SZ300080,4
SZ300081,4
SZ300082,4
SZ300083,4
SZ300084,4
SZ300085,4
SZ300086,4
SZ300087,4
SZ300088,4
SZ300089,4
SZ300091,4
SZ300092,4
SZ300093,4
SZ300094,4
SZ300095,4
SZ300096,4
SZ300097,4
SZ300098,4
SZ300099,4
SZ300100,4
SZ300101,4
SZ300102,4
SZ300103,4
SZ300105,4
SZ300106,4
SZ300107,4
SZ300108,4
SZ300109,4
SZ300110,4
SZ300111,4
SZ300112,4
SZ300113,4
SZ300114,4
SZ300115,4
SZ300116,4
SZ300117,4
SZ300118,4
SZ300119,4
SZ300120,4
SZ300121,4
SZ300122,4
SZ300123,4
SZ300124,4
SZ300125,4
SZ300126,4
SZ300127,4
SZ300128,4
SZ300129,4
SZ300130,4
SZ300131,4
SZ300132,4
SZ300133,4
SZ300134,4
SZ300135,4
SZ300136,4
SZ300137,4
SZ300138,4
SZ300139,4
SZ300140,4
SZ300141,4
SZ300142,4
SZ300143,4
SZ300144,4
SZ300145,4
SZ300146,4
SZ300147,4
SZ300148,4
SZ300149,4
SZ300150,4
SZ300151,4
SZ300152,4
SZ300153,4
SZ300154,4
SZ300155,4
SZ300157,4
SZ300158,4
SZ300159,4
SZ300160,4
SZ300161,4
SZ300162,4
SZ300163,4
SZ300164,4
SZ300165,4
SZ300166,4
SZ300167,4
SZ300168,4
SZ300169,4
SZ300170,4
SZ300171,4
SZ300172,4
SZ300173,4
SZ300174,4
SZ300175,4
SZ300176,4
SZ300177,4
SZ300178,4
SZ300179,4
SZ300180,4
SZ300181,4
SZ300182,4
SZ300183,4
SZ300184,4
SZ300185,4
SZ300187,4
SZ300188,4
SZ300189,4
SZ300190,4
SZ300191,4
SZ300192,4
SZ300193,4
SZ300194,4
SZ300195,4
SZ300196,4
SZ300197,4
SZ300198,4
SZ300199,4
SZ300200,4
SZ300201,4
SZ300202,4
SZ300203,4
SZ300204,4
SZ300205,4
SZ300206,4
SZ300207,4
SZ300208,4
SZ300209,4
SZ300210,4
SZ300211,4
SZ300212,4
SZ300213,4
SZ300214,4
SZ300215,4
SZ300217,4
SZ300218,4
SZ300219,4
SZ300220,4
SZ300221,4
SZ300222,4
SZ300223,4
SZ300224,4
SZ300225,4
SZ300226,4
SZ300227,4
SZ300228,4
SZ300229,4
SZ300230,4
SZ300231,4
SZ300232,4
SZ300233,4
SZ300234,4
SZ300235,4
SZ300236,4
SZ300237,4
SZ300238,4
SZ300239,4
SZ300240,4
SZ300241,4
SZ300242,4
SZ300243,4
SZ300244,4
SZ300245,4
SZ300246,4
SZ300247,4
SZ300248,4
SZ300249,4
SZ300250,4
SZ300251,4
SZ300252,4
SZ300253,4
SZ300254,4
SZ300255,4
SZ300256,4
SZ300257,4
SZ300258,4
SZ300259,4
SZ300260,4
SZ300261,4
SZ300262,4
SZ300263,4
SZ300264,4
SZ300265,4
SZ300266,4
SZ300267,4
SZ300268,4
SZ300269,4
SZ300270,4
SZ300271,4
SZ300272,4
SZ300273,4
SZ300274,4
SZ300275,4
SZ300276,4
SZ300277,4
SZ300278,4
SZ300279,4
SZ300280,4
SZ300281,4
SZ300282,4
SZ300283,4
SZ300284,4
SZ300285,4
SZ300286,4
SZ300287,4
SZ300288,4
SZ300289,4
SZ300290,4
SZ300291,4
SZ300292,4
SZ300293,4
SZ300294,4
SZ300295,4
SZ300296,4
SZ300297,4
SZ300298,4
SZ300299,4
SZ300300,4
SZ300301,4
SZ300302,4
SZ300303,4
SZ300304,4
SZ300305,4
SZ300306,4
SZ300307,4
SZ300308,4
SZ300309,4
SZ300310,4
SZ300311,4
SZ300312,4
SZ300313,4
SZ300314,4
SZ300315,4
SZ300316,4
SZ300317,4
SZ300318,4
SZ300319,4
SZ300320,4
SZ300321,4
SZ300322,4
SZ300323,4
SZ300324,4
SZ300325,4
SZ300326,4
SZ300327,4
SZ300328,4
SZ300329,4
SZ300330,4
SZ300331,4
SZ300332,4
SZ300333,4
SZ300334,4
SZ300335,4
SZ300336,4
SZ300337,4
SZ300338,4
SZ300339,4
SZ300340,4
SZ300341,4
SZ300342,4
SZ300343,4
SZ300344,4
SZ300345,4
SZ300346,4
SZ300347,4
SZ300348,4
SZ300349,4
SZ300350,4
SZ300351,4
SZ300352,4
SZ300353,4
SZ300354,4
SZ300355,4
SZ300356,4
SZ300357,4
SZ300358,4
SZ300359,4
SZ300360,4
SZ300363,4
SZ300364,4
SZ300365,4
SZ300366,4
SZ300367,4
SZ300368,4
SZ300369,4
SZ300370,4
SZ300371,4
SZ300373,4
SZ300374,4
SZ300375,4
SZ300376,4
SZ300377,4
SZ300378,4
SZ300379,4
SZ300380,4
SZ300381,4
SZ300382,4
SZ300383,4
SZ300384,4
SZ300385,4
SZ300386,4
SZ300387,4
SZ300388,4
SZ300389,4
SZ300390,4
SZ300391,4
SZ300392,4
SZ300393,4
SZ300394,4
SZ300395,4
SZ300396,4
SZ300397,4
SZ300398,4
SZ300399,4
SZ300400,4
SZ300401,4
SZ300402,4
SZ300403,4
SZ300404,4
SZ300405,4
SZ300406,4
SZ300407,4
SZ300408,4
SZ300409,4
SZ300410,4
SZ300411,4
SZ300412,4
SZ300413,4
SZ300414,4
SZ300415,4
SZ300416,4
SZ300417,4
SZ300418,4
SZ300419,4
SZ300420,4
SZ300421,4
SZ300422,4
SZ300423,4
SZ300424,4
SZ300425,4
SZ300426,4
SZ300427,4
SZ300428,4
SZ300429,4
SZ300430,4
SZ300432,4
SZ300433,4
SZ300434,4
SZ300435,4
SZ300436,4
SZ300437,4
SZ300438,4
SZ300439,4
SZ300440,4
SZ300441,4
SZ300442,4
SZ300443,4
SZ300444,4
SZ300445,4
SZ300446,4
SZ300447,4
SZ300448,4
SZ300449,4
SZ300450,4
SZ300451,4
SZ300452,4
SZ300453,4
SZ300454,4
SZ300455,4
SZ300456,4
SZ300457,4
SZ300458,4
SZ300459,4
SZ300460,4
SZ300461,4
SZ300462,4
SZ300463,4
SZ300464,4
SZ300465,4
SZ300466,4
SZ300467,4
SZ300468,4
SZ300469,4
SZ300470,4
SZ300471,4
SZ300472,4
SZ300473,4
SZ300474,4
SZ300475,4
SZ300476,4
SZ300477,4
SZ300478,4
SZ300479,4
SZ300480,4
SZ300481,4
SZ300482,4
SZ300483,4
SZ300484,4
SZ300485,4
SZ300486,4
SZ300487,4
SZ300488,4
SZ300489,4
SZ300490,4
SZ300491,4
SZ300492,4
SZ300493,4
SZ300494,4
SZ300495,4
SZ300496,4
SZ300497,4
SZ300498,4
SZ300499,4
SZ300500,4
SZ300501,4
SZ300502,4
SZ300503,4
SZ300504,4
SZ300505,4
SZ300506,4
SZ300507,4
SZ300508,4
SZ300509,4
SZ300510,4
SZ300511,4
SZ300512,4
SZ300513,4
SZ300514,4
SZ300515,4
SZ300516,4
SZ300517,4
SZ300518,4
SZ300519,4
SZ300520,4
SZ300521,4
SZ300522,4
SZ300523,4
SZ300525,4
SZ300526,4
SZ300527,4
SZ300528,4
SZ300529,4
SZ300530,4
SZ300531,4
SZ300532,4
SZ300533,4
SZ300534,4
SZ300535,4
SZ300536,4
SZ300537,4
SZ300538,4
SZ300539,4
SZ300540,4
SZ300541,4
SZ300542,4
SZ300543,4
SZ300545,4
SZ300546,4
SZ300547,4
SZ300548,4
SZ300549,4
SZ300550,4
SZ300551,4
SZ300552,4
SZ300553,4
SZ300554,4
SZ300555,4
SZ300556,4
SZ300557,4
SZ300558,4
SZ300559,4
SZ300560,4
SZ300561,4
SZ300562,4
SZ300563,4
SZ300564,4
SZ300565,4
SZ300566,4
SZ300567,4
SZ300568,4
SZ300569,4
SZ300570,4
SZ300571,4
SZ300572,4
SZ300573,4
SZ300575,4
SZ300576,4
SZ300577,4
SZ300578,4
SZ300579,4
SZ300580,4
SZ300581,4
SZ300582,4
SZ300583,4
SZ300584,4
SZ300585,4
SZ300586,4
SZ300587,4
SZ300588,4
SZ300589,4
SZ300590,4
SZ300591,4
SZ300592,4
SZ300593,4
SZ300594,4
SZ300595,4
SZ300596,4
SZ300597,4
SZ300598,4
SZ300599,4
SZ300600,4
SZ300601,4
SZ300602,4
SZ300603,4
SZ300604,4
SZ300605,4
SZ300606,4
SZ300607,4
SZ300608,4
SZ300609,4
SZ300610,4
SZ300611,4
SZ300612,4
SZ300613,4
SZ300615,4
SZ300616,4
SZ300617,4
SZ300618,4
SZ300619,4
SZ300620,4
SZ300621,4
SZ300622,4
SZ300623,4
SZ300624,4
SZ300625,4
SZ300626,4
SZ300627,4
SZ300628,4
SZ300629,4
SZ300630,4
SZ300631,4
SZ300632,4
SZ300633,4
SZ300634,4
SZ300635,4
SZ300636,4
SZ300637,4
SZ300638,4
SZ300639,4
SZ300640,4
SZ300641,4
SZ300642,4
SZ300643,4
SZ300644,4
SZ300645,4
SZ300647,4
SZ300648,4
SZ300649,4
SZ300650,4
SZ300651,4
SZ300652,4
SZ300653,4
SZ300654,4
SZ300655,4
SZ300656,4
SZ300657,4
SZ300658,4
SZ300659,4
SZ300660,4
SZ300661,4
SZ300662,4
SZ300663,4
SZ300664,4
SZ300665,4
SZ300666,4
SZ300667,4
SZ300668,4
SZ300669,4
SZ300670,4
SZ300671,4
SZ300672,4
SZ300673,4
SZ300674,4
SZ300675,4
SZ300676,4
SZ300677,4
SZ300678,4
SZ300679,4
SZ300680,4
SZ300681,4
SZ300682,4
SZ300683,4
SZ300684,4
SZ300685,4
SZ300686,4
SZ300687,4
SZ300688,4
SZ300689,4
SZ300690,4
SZ300691,4
SZ300692,4
SZ300693,4
SZ300694,4
SZ300695,4
SZ300696,4
SZ300697,4
SZ300698,4
SZ300699,4
SZ300700,4
SZ300701,4
SZ300702,4
SZ300703,4
SZ300705,4
SZ300706,4
SZ300707,4
SZ300708,4
SZ300709,4
SZ300710,4
SZ300711,4
SZ300712,4
SZ300713,4
SZ300715,4
SZ300716,4
SZ300717,4
SZ300718,4
SZ300719,4
SZ300720,4
SZ300721,4
SZ300722,4
SZ300723,4
SZ300724,4
SZ300725,4
SZ300726,4
SZ300727,4
SZ300729,4
SZ300730,4
SZ300731,4
SZ300732,4
SZ300733,4
SZ300735,4
SZ300736,4
SZ300737,4
SZ300738,4
SZ300739,4
SZ300740,4
SZ300741,4
SZ300742,4
SZ300743,4
SZ300745,4
SZ300746,4
SZ300747,4
SZ300748,4
SZ300749,4
SZ300750,4
SZ300751,4
SZ300752,4
SZ300753,4
SZ300755,4
SZ300756,4
SZ300757,4
SZ300758,4
SZ300759,4
SZ300760,4
SZ300761,4
SZ300762,4
SZ300763,4
SZ300765,4
SZ300766,4
SZ300767,4
SZ300768,4
SZ300769,4
SZ300770,4
SZ300771,4
SZ300772,4
SZ300773,4
SZ300775,4
SZ300776,4
SZ300777,4
SZ300778,4
SZ300779,4
SZ300780,4
SZ300781,4
SZ300782,4
SZ300783,4
SZ300785,4
SZ300786,4
SZ300787,4
SZ300788,4
SZ300789,4
SZ300790,4
SZ300791,4
SZ300792,4
SZ300793,4
SZ300795,4
SZ300796,4
SZ300797,4
SZ300798,4
SZ300799,4
SZ300800,4
SZ300801,4
SZ300802,4
SZ300803,4
SZ300805,4
SZ300806,4
SZ300807,4
SZ300808,4
SZ300809,4
SZ300810,4
SZ300811,4
SZ300812,4
SZ300813,4
SZ300815,4
SZ300816,4
SZ300817,4
SZ300818,4
SZ300819,4
SZ300820,4
SZ300821,4
SZ300822,4
SZ300823,4
SZ300824,4
SZ300825,4
SZ300826,4
SZ300827,4
SZ300828,4
SZ300829,4
SZ300830,4
SZ300831,4
SZ300832,4
SZ300833,4
SZ300835,4
SZ300836,4
SZ300837,4
SZ300838,4
SZ300839,4
SZ300840,4
SZ300841,4
SZ300842,4
SZ300843,4
SZ300845,4
SZ300846,4
SZ300847,4
SZ300848,4
SZ300849,4
SZ300850,4
SZ300851,4
SZ300852,4
SZ300853,4
SZ300855,4
SZ300856,4
SZ300857,4
SZ300858,4
SZ300859,4
SZ300860,4
SZ300861,4
SZ300862,4
SZ300863,4
SZ300864,4
SZ300865,4
SZ300866,4
SZ300867,4
SZ300868,4
SZ300869,4
SZ300870,4
SZ300871,4
SZ300872,4
SZ300873,4
SZ300875,4
SZ300876,4
SZ300877,4
SZ300878,4
SZ300879,4
SZ300880,4
SZ300881,4
SZ300882,4
SZ300883,4
SZ300884,4
SZ300885,4
SZ300886,4
SZ300887,4
SZ300888,4
SZ300889,4
SZ300890,4
SZ300891,4
SZ300892,4
SZ300893,4
SZ300894,4
SZ300895,4
SZ300896,4
SZ300897,4
SZ300898,4
SZ300899,4
SZ300900,4
SZ300901,4
SZ300902,4
SZ300903,4
SZ300905,4
SZ300906,4
SZ300907,4
SZ300908,4
SZ300909,4
SZ300910,4
SZ300911,4
SZ300912,4
SZ300913,4
SZ300915,4
SZ300916,4
SZ300917,4
SZ300918,4
SZ300919,4
SZ300920,4
SZ300921,4
SZ300922,4
SZ300923,4
SZ300925,4
SZ300926,4
SZ300927,4
SZ300928,4
SZ300929,4
SZ300930,4
SZ300931,4
SZ300932,4
SZ300933,4
SZ300935,4
SZ300936,4
SZ300937,4
SZ300938,4
SZ300939,4
SZ300940,4
SZ300941,4
SZ300942,4
SZ300943,4
SZ300945,4
SZ300946,4
SZ300947,4
SZ300948,4
SZ300999,4
SH600000,3
SH600004,4
SH600006,4
SH600007,4
SH600008,4
SH600009,4
SH600010,4
SH600011,4
SH600012,4
SH600015,3
SH600016,3
SH600017,4
SH600018,4
SH600019,4
SH600020,4
SH600021,4
SH600022,4
SH600023,4
SH600025,4
SH600026,4
SH600027,4
SH600028,4
SH600029,4
SH600030,1
SH600031,4
SH600033,4
SH600035,4
SH600036,3
SH600037,4
SH600038,4
SH600039,4
SH600048,4
SH600050,4
SH600051,4
SH600052,4
SH600053,4
SH600054,4
SH600055,4
SH600056,4
SH600057,4
SH600058,4
SH600059,4
SH600060,4
SH600061,4
SH600062,4
SH600063,4
SH600064,4
SH600066,4
SH600067,4
SH600068,4
SH600070,4
SH600071,4
SH600072,4
SH600073,4
SH600075,4
SH600076,4
SH600077,4
SH600078,4
SH600079,4
SH600080,4
SH600081,4
SH600082,4
SH600083,4
SH600084,4
SH600085,4
SH600086,4
SH600088,4
SH600089,4
SH600090,4
SH600091,4
SH600093,4
SH600094,4
SH600095,4
SH600096,4
SH600097,4
SH600098,4
SH600099,4
SH600100,4
SH600101,4
SH600103,4
SH600104,4
SH600105,4
SH600106,4
SH600107,4
SH600108,4
SH600109,1
SH600110,4
SH600111,4
SH600112,4
SH600113,4
SH600114,4
SH600115,4
SH600116,4
SH600117,4
SH600118,4
SH600119,4
SH600120,4
SH600121,4
SH600122,4
SH600123,4
SH600125,4
SH600126,4
SH600127,4
SH600128,4
SH600129,4
SH600130,4
SH600131,4
SH600132,4
SH600133,4
SH600135,4
SH600136,4
SH600137,4
SH600138,4
SH600139,4
SH600141,4
SH600143,4
SH600145,4
SH600146,4
SH600148,4
SH600149,4
SH600150,4
SH600151,4
SH600152,4
SH600153,4
SH600155,4
SH600156,4
SH600157,4
SH600158,4
SH600159,4
SH600160,4
SH600161,4
SH600162,4
SH600163,4
SH600165,4
SH600166,4
SH600167,4
SH600168,4
SH600169,4
SH600170,4
SH600171,4
SH600172,4
SH600173,4
SH600176,4
SH600177,4
SH600178,4
SH600179,4
SH600180,4
SH600182,4
SH600183,4
SH600184,4
SH600185,4
SH600186,4
SH600187,4
SH600188,4
SH600189,4
SH600190,4
SH600191,4
SH600192,4
SH600193,4
SH600195,4
SH600196,4
SH600197,4
SH600198,4
SH600199,4
SH600200,4
SH600201,4
SH600202,4
SH600203,4
SH600206,4
SH600207,4
SH600208,4
SH600209,4
SH600210,4
SH600211,4
SH600212,4
SH600213,4
SH600215,4
SH600216,4
SH600217,4
SH600218,4
SH600219,4
SH600220,4
SH600221,4
SH600222,4
SH600223,4
SH600225,4
SH600226,4
SH600227,4
SH600228,4
SH600229,4
SH600230,4
SH600231,4
SH600232,4
SH600233,4
SH600234,4
SH600235,4
SH600236,4
SH600237,4
SH600238,4
SH600239,4
SH600241,4
SH600242,4
SH600243,4
SH600246,4
SH600247,4
SH600248,4
SH600249,4
SH600250,4
SH600251,4
SH600252,4
SH600255,4
SH600256,4
SH600257,4
SH600258,4
SH600259,4
SH600260,4
SH600261,4
SH600262,4
SH600265,4
SH600266,4
SH600267,4
SH600268,4
SH600269,4
SH600271,4
SH600272,4
SH600273,4
SH600275,4
SH600276,4
SH600277,4
SH600278,4
SH600279,4
SH600280,4
SH600281,4
SH600282,4
SH600283,4
SH600284,4
SH600285,4
SH600287,4
SH600288,4
SH600289,4
SH600290,4
SH600291,2
SH600292,4
SH600293,4
SH600295,4
SH600297,4
SH600298,4
SH600299,4
SH600300,4
SH600301,4
SH600302,4
SH600303,4
SH600305,4
SH600306,4
SH600307,4
SH600308,4
SH600309,4
SH600310,4
SH600311,4
SH600312,4
SH600313,4
SH600315,4
SH600316,4
SH600318,4
SH600319,4
SH600320,4
SH600321,4
SH600322,4
SH600323,4
SH600325,4
SH600326,4
SH600327,4
SH600328,4
SH600329,4
SH600330,4
SH600331,4
SH600332,4
SH600333,4
SH600335,4
SH600336,4
SH600337,4
SH600338,4
SH600339,4
SH600340,4
SH600343,4
SH600345,4
SH600346,4
SH600348,4
SH600350,4
SH600351,4
SH600352,4
SH600353,4
SH600354,4
SH600355,4
SH600356,4
SH600358,4
SH600359,4
SH600360,4
SH600361,4
SH600362,4
SH600363,4
SH600365,4
SH600366,4
SH600367,4
SH600368,4
SH600369,1
SH600370,4
SH600371,4
SH600372,4
SH600373,4
SH600375,4
SH600376,4
SH600377,4
SH600378,4
SH600379,4
SH600380,4
SH600381,4
SH600382,4
SH600383,4
SH600385,4
SH600386,4
SH600387,4
SH600388,4
SH600389,4
SH600390,4
SH600391,4
SH600392,4
SH600393,4
SH600395,4
SH600396,4
SH600397,4
SH600398,4
SH600399,4
SH600400,4
SH600403,4
SH600405,4
SH600406,4
SH600408,4
SH600409,4
SH600410,4
SH600415,4
SH600416,4
SH600418,4
SH600419,4
SH600420,4
SH600421,4
SH600422,4
SH600423,4
SH600425,4
SH600426,4
SH600428,4
SH600429,4
SH600433,4
SH600435,4
SH600436,4
SH600438,4
SH600439,4
SH600444,4
SH600446,4
SH600448,4
SH600449,4
SH600452,4
SH600455,4
SH600456,4
SH600458,4
SH600459,4
SH600460,4
SH600461,4
SH600462,4
SH600463,4
SH600466,4
SH600467,4
SH600468,4
SH600469,4
SH600470,4
SH600475,4
SH600476,4
SH600477,4
SH600478,4
SH600479,4
SH600480,4
SH600481,4
SH600482,4
SH600483,4
SH600486,4
SH600487,4
SH600488,4
SH600489,4
SH600490,4
SH600491,4
SH600493,4
SH600495,4
SH600496,4
SH600497,4
SH600498,4
SH600499,4
SH600500,4
SH600501,4
SH600502,4
SH600503,4
SH600505,4
SH600506,4
SH600507,4
SH600508,4
SH600509,4
SH600510,4
SH600511,4
SH600512,4
SH600513,4
SH600515,4
SH600516,4
SH600517,4
SH600518,4
SH600519,4
SH600520,4
SH600521,4
SH600522,4
SH600523,4
SH600525,4
SH600526,4
SH600527,4
SH600528,4
SH600529,4
SH600530,4
SH600531,4
SH600532,4
SH600533,4
SH600535,4
SH600536,4
SH600537,4
SH600538,4
SH600539,4
SH600540,4
SH600543,4
SH600545,4
SH600546,4
SH600547,4
SH600548,4
SH600549,4
SH600550,4
SH600551,4
SH600552,4
SH600555,4
SH600556,4
SH600557,4
SH600558,4
SH600559,4
SH600560,4
SH600561,4
SH600562,4
SH600563,4
SH600565,4
SH600566,4
SH600567,4
SH600568,4
SH600569,4
SH600570,4
SH600571,4
SH600572,4
SH600573,4
SH600575,4
SH600576,4
SH600577,4
SH600578,4
SH600579,4
SH600580,4
SH600581,4
SH600582,4
SH600583,4
SH600584,4
SH600585,4
SH600586,4
SH600587,4
SH600588,4
SH600589,4
SH600590,4
SH600592,4
SH600593,4
SH600594,4
SH600595,4
SH600596,4
SH600597,4
SH600598,4
SH600599,4
SH600600,4
SH600601,4
SH600602,4
SH600603,4
SH600604,4
SH600605,4
SH600606,4
SH600608,4
SH600609,4
SH600610,4
SH600611,4
SH600612,4
SH600613,4
SH600615,4
SH600616,4
SH600617,4
SH600618,4
SH600619,4
SH600620,4
SH600621,4
SH600622,4
SH600623,4
SH600624,4
SH600626,4
SH600628,4
SH600629,4
SH600630,4
SH600633,4
SH600634,4
SH600635,4
SH600636,4
SH600637,4
SH600638,4
SH600639,4
SH600640,4
SH600641,4
SH600642,4
SH600643,4
SH600644,4
SH600645,4
SH600647,4
SH600648,4
SH600649,4
SH600650,4
SH600651,4
SH600652,4
SH600653,4
SH600654,4
SH600655,4
SH600657,4
SH600658,4
SH600660,4
SH600661,4
SH600662,4
SH600663,4
SH600664,4
SH600665,4
SH600666,4
SH600667,4
SH600668,4
SH600671,4
SH600673,4
SH600674,4
SH600675,4
SH600676,4
SH600678,4
SH600679,4
SH600681,4
SH600682,4
SH600683,4
SH600684,4
SH600685,4
SH600686,4
SH600687,4
SH600688,4
SH600689,4
SH600690,4
SH600691,4
SH600692,4
SH600693,4
SH600694,4
SH600695,4
SH600696,4
SH600697,4
SH600698,4
SH600699,4
SH600702,4
SH600703,4
SH600704,4
SH600705,4
SH600706,4
SH600707,4
SH600708,4
SH600710,4
SH600711,4
SH600712,4
SH600713,4
SH600714,4
SH600715,4
SH600716,4
SH600717,4
SH600718,4
SH600719,4
SH600720,4
SH600721,4
SH600722,4
SH600723,4
SH600724,4
SH600725,4
SH600726,4
SH600727,4
SH600728,4
SH600729,4
SH600730,4
SH600731,4
SH600732,4
SH600733,4
SH600734,4
SH600735,4
SH600736,4
SH600737,4
SH600738,4
SH600739,4
SH600740,4
SH600741,4
SH600742,4
SH600743,4
SH600744,4
SH600745,4
SH600746,4
SH600748,4
SH600749,4
SH600750,4
SH600751,4
SH600753,4
SH600754,4
SH600755,4
SH600756,4
SH600757,4
SH600758,4
SH600759,4
SH600760,4
SH600761,4
SH600763,4
SH600764,4
SH600765,4
SH600766,4
SH600767,4
SH600768,4
SH600769,4
SH600770,4
SH600771,4
SH600773,4
SH600774,4
SH600775,4
SH600776,4
SH600777,4
SH600778,4
SH600779,4
SH600780,4
SH600781,4
SH600782,4
SH600783,4
SH600784,4
SH600785,4
SH600787,4
SH600789,4
SH600790,4
SH600791,4
SH600792,4
SH600793,4
SH600794,4
SH600795,4
SH600796,4
SH600797,4
SH600798,4
SH600800,4
SH600801,4
SH600802,4
SH600803,4
SH600804,4
SH600805,4
SH600807,4
SH600808,4
SH600809,4
SH600810,4
SH600811,4
SH600812,4
SH600814,4
SH600815,4
SH600816,3
SH600817,4
SH600818,4
SH600819,4
SH600820,4
SH600821,4
SH600822,4
SH600823,4
SH600824,4
SH600825,4
SH600826,4
SH600827,4
SH600828,4
SH600829,4
SH600830,4
SH600831,4
SH600833,4
SH600834,4
SH600835,4
SH600836,4
SH600837,1
SH600838,4
SH600839,4
SH600841,4
SH600843,4
SH600844,4
SH600845,4
SH600846,4
SH600847,4
SH600848,4
SH600850,4
SH600851,4
SH600853,4
SH600854,4
SH600855,4
SH600856,4
SH600857,4
SH600858,4
SH600859,4
SH600860,4
SH600861,4
SH600862,4
SH600863,4
SH600864,4
SH600865,4
SH600866,4
SH600867,4
SH600868,4
SH600869,4
SH600870,4
SH600871,4
SH600872,4
SH600873,4
SH600874,4
SH600875,4
SH600876,4
SH600877,4
SH600879,4
SH600880,4
SH600881,4
SH600882,4
SH600883,4
SH600884,4
SH600885,4
SH600886,4
SH600887,4
SH600888,4
SH600889,4
SH600890,4
SH600892,4
SH600893,4
SH600894,4
SH600895,4
SH600896,4
SH600897,4
SH600898,4
SH600900,4
SH600901,3
SH600903,4
SH600908,3
SH600909,1
SH600916,4
SH600917,4
SH600918,1
SH600919,3
SH600926,3
SH600928,3
SH600929,4
SH600933,4
SH600936,4
SH600939,4
SH600956,4
SH600958,1
SH600959,4
SH600960,4
SH600961,4
SH600962,4
SH600963,4
SH600965,4
SH600966,4
SH600967,4
SH600968,4
SH600969,4
SH600970,4
SH600971,4
SH600973,4
SH600975,4
SH600976,4
SH600977,4
SH600978,4
SH600979,4
SH600980,4
SH600981,4
SH600982,4
SH600983,4
SH600984,4
SH600985,4
SH600986,4
SH600987,4
SH600988,4
SH600989,4
SH600990,4
SH600992,4
SH600993,4
SH600995,4
SH600996,4
SH600997,4
SH600998,4
SH600999,1
SH601000,4
SH601001,4
SH601002,4
SH601003,4
SH601005,4
SH601006,4
SH601007,4
SH601008,4
SH601009,3
SH601010,4
SH601011,4
SH601012,4
SH601015,4
SH601016,4
SH601018,4
SH601019,4
SH601020,4
SH601021,4
SH601028,4
SH601038,4
SH601058,4
SH601066,1
SH601068,4
SH601069,4
SH601077,3
SH601086,4
SH601088,4
SH601098,4
SH601099,1
SH601100,4
SH601101,4
SH601106,4
SH601107,4
SH601108,1
SH601111,4
SH601113,4
SH601116,4
SH601117,4
SH601118,4
SH601126,4
SH601127,4
SH601128,3
SH601137,4
SH601138,4
SH601139,4
SH601155,4
SH601158,4
SH601162,1
SH601163,4
SH601166,3
SH601168,4
SH601169,3
SH601177,4
SH601179,4
SH601186,4
SH601187,3
SH601188,4
SH601198,1
SH601199,4
SH601200,4
SH601208,4
SH601211,1
SH601212,4
SH601216,4
SH601218,4
SH601222,4
SH601225,4
SH601226,4
SH601228,4
SH601229,3
SH601231,4
SH601233,4
SH601236,1
SH601238,4
SH601258,4
SH601288,3
SH601298,4
SH601311,4
SH601318,2
SH601319,2
SH601326,4
SH601328,3
SH601330,4
SH601333,4
SH601336,2
SH601339,4
SH601360,4
SH601366,4
SH601368,4
SH601369,4
SH601375,1
SH601377,1
SH601388,4
SH601390,4
SH601398,3
SH601399,4
SH601456,1
SH601500,4
SH601512,4
SH601515,4
SH601518,4
SH601519,4
SH601555,1
SH601566,4
SH601567,4
SH601568,4
SH601577,3
SH601579,4
SH601588,4
SH601595,4
SH601598,4
SH601599,4
SH601600,4
SH601601,2
SH601606,4
SH601607,4
SH601608,4
SH601609,4
SH601611,4
SH601615,4
SH601616,4
SH601618,4
SH601619,4
SH601628,2
SH601633,4
SH601636,4
SH601658,3
SH601666,4
SH601668,4
SH601669,4
SH601677,4
SH601678,4
SH601686,4
SH601688,1
SH601689,4
SH601696,1
SH601698,4
SH601699,4
SH601700,4
SH601702,4
SH601717,4
SH601718,4
SH601727,4
SH601766,4
SH601777,4
SH601778,4
SH601788,1
SH601789,4
SH601798,4
SH601799,4
SH601800,4
SH601801,4
SH601808,4
SH601811,4
SH601816,4
SH601818,3
SH601827,4
SH601828,4
SH601838,3
SH601857,4
SH601858,4
SH601860,3
SH601865,4
SH601866,4
SH601869,4
SH601872,4
SH601877,4
SH601878,1
SH601880,4
SH601881,1
SH601882,4
SH601886,4
SH601888,4
SH601890,4
SH601898,4
SH601899,4
SH601900,4
SH601901,1
SH601908,4
SH601916,3
SH601918,4
SH601919,4
SH601928,4
SH601929,4
SH601933,4
SH601939,3
SH601949,4
SH601952,4
SH601956,4
SH601958,4
SH601963,3
SH601965,4
SH601966,4
SH601968,4
SH601969,4
SH601975,4
SH601985,4
SH601988,3
SH601989,4
SH601990,1
SH601991,4
SH601992,4
SH601995,1
SH601996,4
SH601997,3
SH601998,3
SH601999,4
SH603000,4
SH603001,4
SH603002,4
SH603003,4
SH603005,4
SH603006,4
SH603007,4
SH603008,4
SH603009,4
SH603010,4
SH603011,4
SH603012,4
SH603013,4
SH603015,4
SH603016,4
SH603017,4
SH603018,4
SH603019,4
SH603020,4
SH603021,4
SH603022,4
SH603023,4
SH603025,4
SH603026,4
SH603027,4
SH603028,4
SH603029,4
SH603030,4
SH603031,4
SH603032,4
SH603033,4
SH603035,4
SH603036,4
SH603037,4
SH603038,4
SH603039,4
SH603040,4
SH603041,4
SH603042,4
SH603043,4
SH603045,4
SH603050,4
SH603053,4
SH603055,4
SH603056,4
SH603058,4
SH603059,4
SH603060,4
SH603063,4
SH603066,4
SH603067,4
SH603068,4
SH603069,4
SH603076,4
SH603077,4
SH603078,4
SH603079,4
SH603080,4
SH603081,4
SH603083,4
SH603085,4
SH603086,4
SH603087,4
SH603088,4
SH603089,4
SH603090,4
SH603093,1
SH603095,4
SH603096,4
SH603098,4
SH603099,4
SH603100,4
SH603101,4
SH603103,4
SH603105,4
SH603106,4
SH603108,4
SH603109,4
SH603110,4
SH603111,4
SH603112,4
SH603113,4
SH603115,4
SH603116,4
SH603117,4
SH603118,4
SH603121,4
SH603123,4
SH603126,4
SH603127,4
SH603128,4
SH603129,4
SH603131,4
SH603133,4
SH603136,4
SH603138,4
SH603139,4
SH603155,4
SH603156,4
SH603157,4
SH603158,4
SH603159,4
SH603160,4
SH603161,4
SH603165,4
SH603166,4
SH603167,4
SH603168,4
SH603169,4
SH603177,4
SH603178,4
SH603179,4
SH603180,4
SH603181,4
SH603183,4
SH603185,4
SH603186,4
SH603187,4
SH603188,4
SH603189,4
SH603192,4
SH603195,4
SH603196,4
SH603197,4
SH603198,4
SH603199,4
SH603200,4
SH603203,4
SH603208,4
SH603212,4
SH603214,4
SH603217,4
SH603218,4
SH603220,4
SH603221,4
SH603222,4
SH603223,4
SH603225,4
SH603226,4
SH603227,4
SH603228,4
SH603229,4
SH603232,4
SH603233,4
SH603236,4
SH603238,4
SH603239,4
SH603256,4
SH603258,4
SH603259,4
SH603260,4
SH603266,4
SH603267,4
SH603268,4
SH603269,4
SH603277,4
SH603278,4
SH603279,4
SH603283,4
SH603286,4
SH603288,4
SH603289,4
SH603290,4
SH603297,4
SH603298,4
SH603299,4
SH603300,4
SH603301,4
SH603303,4
SH603305,4
SH603306,4
SH603308,4
SH603309,4
SH603311,4
SH603313,4
SH603315,4
SH603316,4
SH603317,4
SH603318,4
SH603319,4
SH603320,4
SH603321,4
SH603322,4
SH603323,3
SH603326,4
SH603327,4
SH603328,4
SH603329,4
SH603330,4
SH603331,4
SH603332,4
SH603333,4
SH603335,4
SH603336,4
SH603337,4
SH603338,4
SH603339,4
SH603345,4
SH603348,4
SH603351,4
SH603353,4
SH603355,4
SH603356,4
SH603357,4
SH603358,4
SH603359,4
SH603360,4
SH603363,4
SH603365,4
SH603366,4
SH603367,4
SH603368,4
SH603369,4
SH603377,4
SH603378,4
SH603379,4
SH603380,4
SH603383,4
SH603385,4
SH603386,4
SH603387,4
SH603388,4
SH603389,4
SH603390,4
SH603392,4
SH603393,4
SH603396,4
SH603398,4
SH603399,4
SH603408,4
SH603416,4
SH603421,4
SH603429,4
SH603439,4
SH603444,4
SH603456,4
SH603458,4
SH603466,4
SH603477,4
SH603486,4
SH603488,4
SH603489,4
SH603496,4
SH603499,4
SH603500,4
SH603501,4
SH603505,4
SH603506,4
SH603507,4
SH603508,4
SH603515,4
SH603516,4
SH603517,4
SH603518,4
SH603519,4
SH603520,4
SH603527,4
SH603528,4
SH603530,4
SH603533,4
SH603535,4
SH603536,4
SH603538,4
SH603551,4
SH603555,4
SH603556,4
SH603557,4
SH603558,4
SH603559,4
SH603565,4
SH603566,4
SH603567,4
SH603568,4
SH603569,4
SH603577,4
SH603578,4
SH603579,4
SH603580,4
SH603583,4
SH603585,4
SH603586,4
SH603587,4
SH603588,4
SH603589,4
SH603590,4
SH603595,4
SH603596,4
SH603598,4
SH603599,4
SH603600,4
SH603601,4
SH603602,4
SH603603,4
SH603605,4
SH603606,4
SH603607,4
SH603608,4
SH603609,4
SH603610,4
SH603611,4
SH603612,4
SH603613,4
SH603615,4
SH603616,4
SH603617,4
SH603618,4
SH603619,4
SH603626,4
SH603628,4
SH603629,4
SH603630,4
SH603633,4
SH603636,4
SH603637,4
SH603638,4
SH603639,4
SH603648,4
SH603650,4
SH603655,4
SH603656,4
SH603657,4
SH603658,4
SH603659,4
SH603660,4
SH603661,4
SH603662,4
SH603663,4
SH603665,4
SH603666,4
SH603667,4
SH603668,4
SH603669,4
SH603676,4
SH603677,4
SH603678,4
SH603679,4
SH603680,4
SH603681,4
SH603682,4
SH603683,4
SH603685,4
SH603686,4
SH603687,4
SH603688,4
SH603689,4
SH603690,4
SH603693,4
SH603696,4
SH603697,4
SH603698,4
SH603699,4
SH603700,4
SH603701,4
SH603703,4
SH603706,4
SH603707,4
SH603708,4
SH603709,4
SH603711,4
SH603712,4
SH603713,4
SH603716,4
SH603717,4
SH603718,4
SH603719,4
SH603721,4
SH603722,4
SH603725,4
SH603726,4
SH603727,4
SH603728,4
SH603729,4
SH603730,4
SH603733,4
SH603737,4
SH603738,4
SH603739,4
SH603755,4
SH603757,4
SH603758,4
SH603766,4
SH603767,4
SH603768,4
SH603773,4
SH603776,4
SH603777,4
SH603778,4
SH603779,4
SH603786,4
SH603787,4
SH603788,4
SH603789,4
SH603790,4
SH603797,4
SH603798,4
SH603799,4
SH603800,4
SH603801,4
SH603803,4
SH603806,4
SH603808,4
SH603809,4
SH603810,4
SH603811,4
SH603813,4
SH603815,4
SH603816,4
SH603817,4
SH603818,4
SH603819,4
SH603822,4
SH603823,4
SH603825,4
SH603826,4
SH603828,4
SH603829,4
SH603833,4
SH603838,4
SH603839,4
SH603843,4
SH603848,4
SH603855,4
SH603856,4
SH603858,4
SH603859,4
SH603860,4
SH603861,4
SH603863,4
SH603866,4
SH603867,4
SH603868,4
SH603869,4
SH603871,4
SH603876,4
SH603877,4
SH603878,4
SH603879,4
SH603880,4
SH603881,4
SH603882,4
SH603883,4
SH603885,4
SH603886,4
SH603887,4
SH603888,4
SH603889,4
SH603890,4
SH603893,4
SH603895,4
SH603896,4
SH603897,4
SH603898,4
SH603899,4
SH603900,4
SH603901,4
SH603903,4
SH603906,4
SH603908,4
SH603909,4
SH603912,4
SH603915,4
SH603916,4
SH603917,4
SH603918,4
SH603919,4
SH603920,4
SH603922,4
SH603926,4
SH603927,4
SH603928,4
SH603929,4
SH603931,4
SH603933,4
SH603936,4
SH603937,4
SH603938,4
SH603939,4
SH603948,4
SH603949,4
SH603950,4
SH603955,4
SH603956,4
SH603958,4
SH603959,4
SH603960,4
SH603963,4
SH603966,4
SH603967,4
SH603968,4
SH603969,4
SH603970,4
SH603976,4
SH603977,4
SH603978,4
SH603979,4
SH603980,4
SH603982,4
SH603983,4
SH603985,4
SH603986,4
SH603987,4
SH603988,4
SH603989,4
SH603990,4
SH603991,4
SH603992,4
SH603993,4
SH603995,4
SH603996,4
SH603997,4
SH603998,4
SH603999,4
SH605001,4
SH605003,4
SH605005,4
SH605006,4
SH605007,4
SH605008,4
SH605009,4
SH605018,4
SH605050,4
SH605055,4
SH605058,4
SH605066,4
SH605068,4
SH605077,4
SH605081,4
SH605088,4
SH605099,4
SH605100,4
SH605108,4
SH605111,4
SH605116,4
SH605118,4
SH605123,4
SH605128,4
SH605133,4
SH605136,4
SH605151,4
SH605155,4
SH605158,4
SH605166,4
SH605168,4
SH605169,4
SH605177,4
SH605178,4
SH605179,4
SH605183,4
SH605186,4
SH605188,4
SH605198,4
SH605199,4
SH605218,4
SH605222,4
SH605228,4
SH605255,4
SH605258,4
SH605266,4
SH605268,4
SH605277,4
SH605288,4
SH605299,4
SH605318,4
SH605333,4
SH605336,4
SH605337,4
SH605338,4
SH605358,4
SH605366,4
SH605368,4
SH605369,4
SH605376,4
SH605377,4
SH605388,4
SH605398,4
SH605399,4
SH605500,4
SH688001,4
SH688002,4
SH688003,4
SH688004,4
SH688005,4
SH688006,4
SH688007,4
SH688008,4
SH688009,4
SH688010,4
SH688011,4
SH688012,4
SH688013,4
SH688015,4
SH688016,4
SH688017,4
SH688018,4
SH688019,4
SH688020,4
SH688021,4
SH688022,4
SH688023,4
SH688025,4
SH688026,4
SH688027,4
SH688028,4
SH688029,4
SH688030,4
SH688033,4
SH688036,4
SH688037,4
SH688039,4
SH688050,4
SH688051,4
SH688055,4
SH688056,4
SH688057,4
SH688058,4
SH688059,4
SH688060,4
SH688063,4
SH688065,4
SH688066,4
SH688068,4
SH688069,4
SH688070,4
SH688077,4
SH688078,4
SH688080,4
SH688081,4
SH688085,4
SH688086,4
SH688088,4
SH688089,4
SH688090,4
SH688093,4
SH688095,4
SH688096,4
SH688098,4
SH688099,4
SH688100,4
SH688101,4
SH688106,4
SH688108,4
SH688111,4
SH688116,4
SH688118,4
SH688122,4
SH688123,4
SH688126,4
SH688127,4
SH688128,4
SH688129,4
SH688133,4
SH688135,4
SH688136,4
SH688138,4
SH688139,4
SH688155,4
SH688156,4
SH688157,4
SH688158,4
SH688159,4
SH688160,4
SH688165,4
SH688166,4
SH688168,4
SH688169,4
SH688177,4
SH688178,4
SH688179,4
SH688180,4
SH688181,4
SH688183,4
SH688185,4
SH688186,4
SH688188,4
SH688189,4
SH688196,4
SH688198,4
SH688199,4
SH688200,4
SH688202,4
SH688208,4
SH688215,4
SH688218,4
SH688219,4
SH688221,4
SH688222,4
SH688228,4
SH688229,4
SH688233,4
SH688256,4
SH688258,4
SH688266,4
SH688268,4
SH688277,4
SH688278,4
SH688286,4
SH688288,4
SH688289,4
SH688298,4
SH688299,4
SH688300,4
SH688301,4
SH688308,4
SH688309,4
SH688310,4
SH688311,4
SH688312,4
SH688313,4
SH688317,4
SH688318,4
SH688321,4
SH688330,4
SH688333,4
SH688335,4
SH688336,4
SH688338,4
SH688339,4
SH688350,4
SH688356,4
SH688357,4
SH688358,4
SH688360,4
SH688363,4
SH688365,4
SH688366,4
SH688368,4
SH688369,4
SH688377,4
SH688378,4
SH688379,4
SH688386,4
SH688388,4
SH688389,4
SH688390,4
SH688393,4
SH688396,4
SH688398,4
SH688399,4
SH688408,4
SH688418,4
SH688466,4
SH688488,4
SH688500,4
SH688505,4
SH688508,4
SH688510,4
SH688513,4
SH688516,4
SH688518,4
SH688519,4
SH688520,4
SH688521,4
SH688526,4
SH688528,4
SH688529,4
SH688536,4
SH688550,4
SH688551,4
SH688555,4
SH688556,4
SH688557,4
SH688558,4
SH688559,4
SH688560,4
SH688561,4
SH688566,4
SH688567,4
SH688568,4
SH688569,4
SH688571,4
SH688577,4
SH688578,4
SH688579,4
SH688580,4
SH688585,4
SH688586,4
SH688588,4
SH688589,4
SH688590,4
SH688595,4
SH688596,4
SH688598,4
SH688599,4
SH688600,4
SH688607,4
SH688608,4
SH688617,4
SH688618,4
SH688619,4
SH688628,4
SH688656,4
SH688658,4
SH688665,4
SH688668,4
SH688669,4
SH688678,4
SH688679,4
SH688680,4
SH688686,4
SH688687,4
SH688689,4
SH688698,4
SH688699,4
SH688777,4
SH688788,4
SH688819,4
SH688981,4
SH689009,4
